name,description,material,product_variants,sku,product_id,pack,size,unit,unit_count,gtin,retail_price,is_catch_weight,average_case_weight,image_url,manufacturer_sku,content_url,ordering_unit,is_broken_case,avg_case_weight,brand, category,,,,product-category-style,manufacturer_name,distributor_name,supplier_name,country_of_origin,,Group,Level 1 Category,Level 2 Category
1oz Jalapeno and Mozzarella Cheese Bites,"Brand: WILD MIKE'S
CASE | 240 x 1 OZ",,,366802,a5f62ade-2fb8-471f-afbc-09bae9b61a87,,,CASE,,78642110081,,,,"[""https://s3.amazonaws.com/media.usepepper.com/suppliers/cd7e83da-61a6-45c3-9a43-db0a83bd04fa/items/58aad9c4-d2b2-40e1-a23c-a3f29dd15f0d.png""]",,,,,,,Appetizers,,,,,,Ace Endico,,,,Food,Frozen,Appetizers
1oz Mozzarella Cheese Bites,"Brand: WILD MIKE'S
CASE | 240 x 1 OZ",,,366801,acf0068a-3947-4926-a38b-ade6b905bd21,,,CASE,,78642110036,,,,,,,,,,,Appetizers,,,,,,Ace Endico,,,,Food,Frozen,Appetizers
2.8oz Chicken Empanada Corn Shell,"Brand: BRISAS
CASE | 1 x 50 CT",,,364955,7013ecb4-21fc-4ca6-8aab-f0ad41cafd14,,,CASE,,,,,,"[""https://s3.amazonaws.com/media.usepepper.com/suppliers/cd7e83da-61a6-45c3-9a43-db0a83bd04fa/items/72ac6829-7185-5965-85a6-1b398c7a3e40.jpg""]",,,,,,,Appetizers,,,,,,Ace Endico,,,,Food,Frozen,Appetizers
"3/8"" Beer Battered Onion Rings","Brand: AE APPETIZERS
CASE | 6 x 2.5 LB",,,359909,13cf3a07-a635-4dbd-991a-7e96d417c65f,,,CASE,,,,,,"[""https://s3.amazonaws.com/media.usepepper.com/suppliers/cd7e83da-61a6-45c3-9a43-db0a83bd04fa/items/bee42866-c9f3-4647-9bd5-57956177a35f.png""]",,,,,,,Appetizers,,,,,,Ace Endico,,,,Food,Frozen,Appetizers
"3/8"" Breaded Onion Rings","Brand: AE APPETIZERS
CASE | 4 x 2 LB",,,359908,4ba2c0a1-13d5-48fd-97f1-56a345a72f1e,,,CASE,,,,,,"[""https://s3.amazonaws.com/media.usepepper.com/suppliers/cd7e83da-61a6-45c3-9a43-db0a83bd04fa/items/4a3e51db-fde2-4e26-a817-3c593000c430.png""]",,,,,,,Appetizers,,,,,,Ace Endico,,,,Food,Frozen,Appetizers
"3"" Battered Mozzarella Sticks","Brand: AE APPETIZERS
CASE | 4 x 3 LB",,,359912,9f7f6a68-f35d-46c3-900f-4564f413228f,,,CASE,,,,,,"[""https://s3.amazonaws.com/media.usepepper.com/suppliers/cd7e83da-61a6-45c3-9a43-db0a83bd04fa/items/fd334e40-5f6b-4bc8-8e5a-a34eb41d4252.png""]",,,,,,,Appetizers,,,,,,Ace Endico,,,,Food,Frozen,Appetizers
"3"" Breaded Mozzarella Sticks","Brand: AE APPETIZERS
CASE | 4 x 3 LB",,,359911,39454c26-e7bf-419f-bc47-215a069d1b7f,,,CASE,,,,,,"[""https://s3.amazonaws.com/media.usepepper.com/suppliers/cd7e83da-61a6-45c3-9a43-db0a83bd04fa/items/941e4122-9232-45f3-baab-28c8b74e83fb.png""]",,,,,,,Appetizers,,,,,,Ace Endico,,,,Food,Frozen,Appetizers
3oz Spinach And Mozzarella Empanada,"Brand: BRISAS
CASE | 1 x 30 CT",,,364953,941a9a2f-36c5-4561-82c8-93c9211b3429,,,CASE,,,,,,"[""https://s3.amazonaws.com/media.usepepper.com/suppliers/cd7e83da-61a6-45c3-9a43-db0a83bd04fa/items/3230da5a-eae9-5baf-9fe5-27b79cc2417b.jpg""]",,,,,,,Appetizers,,,,,,Ace Endico,,,,Food,Frozen,Appetizers
"5/8"" Beer Battered Onion Rings","Brand: AE APPETIZERS
CASE | 4 x 2.5 LB",,,359914,974d1fae-e8e8-4921-814f-ba3a74e02d71,,,CASE,,,,,,"[""https://s3.amazonaws.com/media.usepepper.com/suppliers/cd7e83da-61a6-45c3-9a43-db0a83bd04fa/items/24963a40-a35d-45aa-a3e9-2325d6a6a4b7.png""]",,,,,,,Appetizers,,,,,,Ace Endico,,,,Food,Frozen,Appetizers
"7"" Mozzarella Cheese stuffed Breadsticks","Brand: BOSCO
CASE | 1 x 108 CT",,,366835,a44adc81-f8f3-4413-942c-aa0848a9ad64,,,CASE,,,,,,,,,,,,,Appetizers,,,,,,Ace Endico,,,,Food,Frozen,Appetizers
Achatina Snails Very Large,"Brand: WHITE TOQUE
EACH | 1 x 96 COUNT
CASE | 6 x 96 COUNT",,,658764,c8b0c705-6374-4b33-af3f-5d455d03a967,,,CASE,,,,,,,,,,,,,Appetizers,,,,,,Ace Endico,,,,Food,Frozen,Appetizers
Achatina Snails Very Large,"Brand: WHITE TOQUE
EACH | 1 x 96 COUNT
CASE | 6 x 96 COUNT",,,658764,855e5356-bfe5-4dc3-95d9-d61ccbf79066,,,EACH,,,,,,,,,,,,,Appetizers,,,,,,Ace Endico,,,,Food,Frozen,Appetizers
Assorted Mini Quiche,"Brand: ENTREMES
EACH | 1 x 25 CT
CASE | 4 x 25 CT",,,361891,49fa3b05-86d5-4612-8128-040c69e8cb41,,,CASE,,1.08E+13,,,,"[""https://s3.amazonaws.com/media.usepepper.com/suppliers/cd7e83da-61a6-45c3-9a43-db0a83bd04fa/items/21b927ec-816a-5d59-8e98-8742ae24184e.jpg""]",,,,,,,Appetizers,,,,,,Ace Endico,,,,Food,Frozen,Appetizers
Assorted Mini Quiche,"Brand: ENTREMES
EACH | 1 x 25 CT
CASE | 4 x 25 CT",,,361891,cee5c1b2-ebe6-4dde-aedc-9d1733e49965,,,EACH,,,,,,"[""https://s3.amazonaws.com/media.usepepper.com/suppliers/cd7e83da-61a6-45c3-9a43-db0a83bd04fa/items/21b927ec-816a-5d59-8e98-8742ae24184e.jpg""]",,,,,,,Appetizers,,,,,,Ace Endico,,,,Food,Frozen,Appetizers
Assorted Puff Pastry Hors D'oeuvres,"Brand: ENTREMES
CASE | 1 x 100 CT",,,357661,4400fe0c-b6f7-4bd4-bca8-a63f9bb9aa9c,,,CASE,,,,,,"[""https://s3.amazonaws.com/media.usepepper.com/suppliers/cd7e83da-61a6-45c3-9a43-db0a83bd04fa/items/e6a0c150-39e8-5859-9e0f-a5f9891ccd68.jpg""]",,,,,,,Appetizers,,,,,,Ace Endico,,,,Food,Frozen,Appetizers
Bacon Wrapped Scallop,"Brand: NO FORKS
CASE | 1 x 100 CT",,,362001,4c747cf2-d5c6-4dd6-a35a-66e164877757,,,CASE,,1.08E+13,,,,"[""https://s3.amazonaws.com/media.usepepper.com/suppliers/cd7e83da-61a6-45c3-9a43-db0a83bd04fa/items/44a12ad3-fab0-55aa-8890-6ba1864e700c.jpg""]",,,,,,,Appetizers,,,,,,Ace Endico,,,,Food,Frozen,Appetizers
* Battered Green Beans,"Brand: FRED'S
CASE | 6 x 2 LB
EACH | 1 x 2 LB",,,358902,31059eea-3cd9-4d7e-8869-9e1109be0c1a,,,CASE,,1.01E+13,,,,"[""https://s3.amazonaws.com/media.usepepper.com/suppliers/cd7e83da-61a6-45c3-9a43-db0a83bd04fa/items/aeca6590-6901-572c-ab58-5bfbf72be0e1.jpg""]",,,,,,,Appetizers,,,,,,Ace Endico,,,,Food,Frozen,Appetizers
* Battered Green Beans,"Brand: FRED'S
CASE | 6 x 2 LB
EACH | 1 x 2 LB",,,358902,2f8617d5-bbe8-4a50-9e39-3844c089a96e,,,EACH,,1.01E+13,,,,"[""https://s3.amazonaws.com/media.usepepper.com/suppliers/cd7e83da-61a6-45c3-9a43-db0a83bd04fa/items/aeca6590-6901-572c-ab58-5bfbf72be0e1.jpg""]",,,,,,,Appetizers,,,,,,Ace Endico,,,,Food,Frozen,Appetizers
Battered Sweet Corn Nuggets,"Brand: GOLDEN CRISP
CASE | 6 x 2 LB",,,358910,41b985a5-2e85-4c5f-a0f6-d3e50e19ae60,,,CASE,,,,,,"[""https://s3.amazonaws.com/media.usepepper.com/suppliers/cd7e83da-61a6-45c3-9a43-db0a83bd04fa/items/f7859fa7-a4f3-5279-98c9-fac0b7874d30.jpg""]",,,,,,,Appetizers,,,,,,Ace Endico,,,,Food,Frozen,Appetizers
Beef Empanada,"Brand: SPRING VALLEY
CASE | 1 x 96 CT",,,366589,8c981ff4-513a-4b01-bfc5-22ce1a8e407c,,,CASE,,1.08E+13,,,,"[""https://s3.amazonaws.com/media.usepepper.com/suppliers/cd7e83da-61a6-45c3-9a43-db0a83bd04fa/items/05c6aa43-fb15-56ad-8ef8-8ad3edead1a0.jpg""]",,,,,,,Appetizers,,,,,,Ace Endico,,,,Food,Frozen,Appetizers
Beef Franks In Puff Pastry,"Brand: SPRING VALLEY
CASE | 6 x 20 OZ",,,359581,b65491e8-b530-4e0b-a5c5-4a5073206efd,,,CASE,,,,,,"[""https://s3.amazonaws.com/media.usepepper.com/suppliers/cd7e83da-61a6-45c3-9a43-db0a83bd04fa/items/a460dc2b-5fe4-5a30-8e05-80261645fe7b.jpg""]",,,,,,,Appetizers,,,,,,Ace Endico,,,,Food,Frozen,Appetizers
Beef Short Rib Wrapped in Bacon Skewer,"Brand: SAUGATUCK
CASE | 90 x .56 OZ",,,362988,d897c5c1-f642-46e1-97f4-0be110546eaf,,,CASE,,,,,,"[""https://s3.amazonaws.com/media.usepepper.com/suppliers/cd7e83da-61a6-45c3-9a43-db0a83bd04fa/items/1f8c7397-f3e6-5d06-b307-934803142b82.jpg""]",,,,,,,Appetizers,,,,,,Ace Endico,,,,Food,Frozen,Appetizers
Beef Wellington Puff Pastry,"Brand: SPRING VALLEY
CASE | 1 x 100 CT",,,359501,c3f4fa93-5891-475b-87d4-d72ecbab6097,,,CASE,,,,,,"[""https://s3.amazonaws.com/media.usepepper.com/suppliers/cd7e83da-61a6-45c3-9a43-db0a83bd04fa/items/55b82da1-7088-58a3-82f9-354fc2c4916f.jpg""]",,,,,,,Appetizers,,,,,,Ace Endico,,,,Food,Frozen,Appetizers
"Beer Battered Onion Rings 5/8""","Brand: LAMB WESTON
CASE | 4 x 2.5 LB",,,399237,6ef3f120-0d0e-4eea-a30a-3983addaacff,,,CASE,,1.00E+13,,,,"[""https://s3.amazonaws.com/media.usepepper.com/suppliers/cd7e83da-61a6-45c3-9a43-db0a83bd04fa/items/093dfb98-94b2-4d22-bc6f-a510a0b5cc39.jpeg""]",,,,,,,Appetizers,,,,,,Ace Endico,,,,Food,Frozen,Appetizers
Bite Sized Mozzarella Rice Balls,"Brand: RALPHIES
CASE | 72 x 1 OZ",,,366157,2caea62a-eee9-488d-933c-c4d52e0ebe02,,,CASE,,,,,,,,,,,,,Appetizers,,,,,,Ace Endico,,,,Food,Frozen,Appetizers
Breaded Buffalo Cauliflower Wings,"Brand: STUFFED FOODS
CASE | 4 x 3 LB",,,366159,5e82b980-7cea-4d91-861c-5ff0d9b1222e,,,CASE,,,,,,"[""https://s3.amazonaws.com/media.usepepper.com/suppliers/cd7e83da-61a6-45c3-9a43-db0a83bd04fa/items/021a6967-32e0-50f1-8cbb-50fc183692b1.png""]",,,,,,,Appetizers,,,,,,Ace Endico,,,,Food,Frozen,Appetizers
Breaded Mozzarella Stick,"Brand: FARM RICH
CASE | 8 x 3 LB",,,212048,021bfb1a-adb0-45c0-841d-aae0e6ef7cdb,,,CASE,,41322652201,,,,,,,,,,,Appetizers,,,,,,Ace Endico,,,,Food,Frozen,Appetizers
Breaded Mozzarella Sticks,"Brand: MOORES
CASE | 4 x 3 LB",,,360590,ad973a99-b9ce-4d0f-8185-ec9550b3d860,,,CASE,,1.01E+13,,,,"[""https://s3.amazonaws.com/media.usepepper.com/suppliers/cd7e83da-61a6-45c3-9a43-db0a83bd04fa/items/a7c98cc4-9463-57fe-a0fb-25f5c061d3fc.jpg""]",,,,,,,Appetizers,,,,,,Ace Endico,,,,Food,Frozen,Appetizers
Breaded Onion Ring,"Brand: ACE ENDICO
CASE | 8 x 2 LB",,,399776,a774651a-ec5b-4799-8f66-f3bfebe48423,,,CASE,,,,,,"[""https://s3.amazonaws.com/media.usepepper.com/suppliers/cd7e83da-61a6-45c3-9a43-db0a83bd04fa/items/c6ccfc9c-775f-4601-a102-b8ec13bb00ac.png""]",,,,,,,Appetizers,,,,,,Ace Endico,,,,Food,Frozen,Appetizers
Breaded Pickled Cauliflower,"Brand: MCCAIN V'DGZ
CASE | 4 x 3 LB",,,458226,9d4e93e3-34aa-4870-8811-81ddeea3bd97,,,CASE,,,,,,"[""https://s3.amazonaws.com/media.usepepper.com/suppliers/cd7e83da-61a6-45c3-9a43-db0a83bd04fa/items/7a09bfcd-69e9-4f3a-96b4-a1c69f541615.png""]",,,,,,,Appetizers,,,,,,Ace Endico,,,,Food,Frozen,Appetizers
Breaded Spiced Cauliflower with Tabasco,"Brand: TAMPA MAID
CASE | 6 x 2 LB",,,458221,3d8d7838-9115-4040-95a5-f60d3015ef53,,,CASE,,1.00E+13,,,,"[""https://s3.amazonaws.com/media.usepepper.com/suppliers/cd7e83da-61a6-45c3-9a43-db0a83bd04fa/items/ae2469e4-1dc2-4325-a77a-13136c6f7726.png""]",,,,,,,Appetizers,,,,,,Ace Endico,,,,Food,Frozen,Appetizers
Breaded Zucchini Sticks,"Brand: AE APPETIZERS
CASE | 4 x 3 LB",,,359913,1c2c4d25-113f-460d-8cf2-558f93a5f1ae,,,CASE,,,,,,,,,,,,,Appetizers,,,,,,Ace Endico,,,,Food,Frozen,Appetizers
Brie and Raspberry Phyllo Appetizer,"Brand: SAUGATUCK
CASE | 10 x 12 CT TRAY",,,366457,3d8bca3b-6e7d-4ea2-a5c4-86c5b2e874d0,,,CASE,,8.18E+11,,,,"[""https://s3.amazonaws.com/media.usepepper.com/suppliers/cd7e83da-61a6-45c3-9a43-db0a83bd04fa/items/a3e5c8d0-afa5-5385-b04c-b81420486b71.jpg""]",,,,,,,Appetizers,,,,,,Ace Endico,,,,Food,Frozen,Appetizers
Brie & Raspberry Phyllo Star,"Brand: SAUGATUCK
CASE | 60 x .4 OZ",,,366458,80ef65ee-5b65-4a31-b0da-97376b4439be,,,CASE,,8.18E+11,,,,"[""https://s3.amazonaws.com/media.usepepper.com/suppliers/cd7e83da-61a6-45c3-9a43-db0a83bd04fa/items/7b1591c0-a1aa-58b4-91b0-262cb98fcacd.jpg""]",,,,,,,Appetizers,,,,,,Ace Endico,,,,Food,Frozen,Appetizers
Buffalo Chicken Egg Rolls,"Brand: CHEF ONE
CASE | 1 x 50 CT",,,450531,33ed8823-ee66-4e95-a3ef-76a9f4ef7ee3,,,CASE,,1.08E+13,,,,"[""https://s3.amazonaws.com/media.usepepper.com/suppliers/cd7e83da-61a6-45c3-9a43-db0a83bd04fa/items/85a824ff-301f-5eff-82ed-6278eef1243e.jpg""]",,,,,,,Appetizers,,,,,,Ace Endico,,,,Food,Frozen,Appetizers
Buffalo Chicken Spring Roll,"Brand: SAUGATUCK
CASE | 100 x .75 OZ",,,362956,5bf3445e-7a8e-4b27-a3fc-b49053df4ee9,,,CASE,,,,,,"[""https://s3.amazonaws.com/media.usepepper.com/suppliers/cd7e83da-61a6-45c3-9a43-db0a83bd04fa/items/ab522d1a-e52a-524e-9253-fd03da59ba4a.jpg""]",,,,,,,Appetizers,,,,,,Ace Endico,,,,Food,Frozen,Appetizers
Bulk Cheese Quesadilla,"Brand: PAPA MIGUEL
CASE | 1 x 30 CT",,,404194,e8198111-4947-44c9-9057-a44e516f9f81,,,CASE,,,,,,"[""https://s3.amazonaws.com/media.usepepper.com/suppliers/cd7e83da-61a6-45c3-9a43-db0a83bd04fa/items/fdc030c3-3e92-5f7f-9f73-886e24fb2368.jpg""]",,,,,,,Appetizers,,,,,,Ace Endico,,,,Food,Frozen,Appetizers
Bulk Chicken Quesadilla,"Brand: PAPA MIGUEL
CASE | 1 x 30 CT",,,404198,8e0befef-332e-4370-b92b-75fbbb4bbd43,,,CASE,,,,,,"[""https://s3.amazonaws.com/media.usepepper.com/suppliers/cd7e83da-61a6-45c3-9a43-db0a83bd04fa/items/b4cf38db-711b-536e-8587-9d8cd8f86bbd.jpg""]",,,,,,,Appetizers,,,,,,Ace Endico,,,,Food,Frozen,Appetizers
Bulk Steak Quesadilla,"Brand: PAPA MIGUEL
CASE | 1 x 30 CT",,,404192,9951274f-18b7-4d38-970e-d4e2e2b70d12,,,CASE,,,,,,"[""https://s3.amazonaws.com/media.usepepper.com/suppliers/cd7e83da-61a6-45c3-9a43-db0a83bd04fa/items/96695c5f-12cb-5e43-8417-c50ffbaa086e.jpg""]",,,,,,,Appetizers,,,,,,Ace Endico,,,,Food,Frozen,Appetizers
Cheddar Chive Tater Fries,"Brand: STONE GATE
CASE | 106 x 1.5 OZ",,,381553,41e2e5a3-051f-4692-92bc-2ae92e229ca7,,,CASE,,3.08E+13,,,,"[""https://s3.amazonaws.com/media.usepepper.com/suppliers/cd7e83da-61a6-45c3-9a43-db0a83bd04fa/items/b386ea11-adab-507b-b656-435731f0d9ee.jpg""]",,,,,,,Appetizers,,,,,,Ace Endico,,,,Food,Frozen,Appetizers
Cheese Croquette,"Brand: CATALINA
CASE | 6 x 40 CT",,,362992,f285d6e3-4e98-45ec-be05-c45c781d9f27,,,CASE,,,,,,"[""https://s3.amazonaws.com/media.usepepper.com/suppliers/cd7e83da-61a6-45c3-9a43-db0a83bd04fa/items/9d4dbd99-5947-4271-b869-616ffed3bfb9.png""]",,,,,,,Appetizers,,,,,,Ace Endico,,,,Food,Frozen,Appetizers
Chicken And Cheese Quesadilla,"Brand: SPRING VALLEY
CASE | 1 x 100 CT",,,404180,e19e8c38-88fc-49a1-b712-f5fc68426395,,,CASE,,1.08E+13,,,,"[""https://s3.amazonaws.com/media.usepepper.com/suppliers/cd7e83da-61a6-45c3-9a43-db0a83bd04fa/items/6c92bea9-4ae2-5dde-b0d5-abf41d2d0920.jpg""]",,,,,,,Appetizers,,,,,,Ace Endico,,,,Food,Frozen,Appetizers
"* Chicken, Cheese & Hatch Cheese Rolled Tacos","Brand: POSADA
CASE | 72 x 2 OZ",,,326706,58743b8a-4c0d-4221-a471-18097811b542,,,CASE,,1.01E+13,,,,"[""https://s3.amazonaws.com/media.usepepper.com/suppliers/cd7e83da-61a6-45c3-9a43-db0a83bd04fa/items/5ca3a3ec-aa24-455f-a75d-9b024191709e.png""]",,,,,,,Appetizers,,,,,,Ace Endico,,,,Food,Frozen,Appetizers
Chicken Croquette Party Sized,"Brand: CATALINA
CASE | 6 x 100 CT",,,362995,6c38d283-f89a-4a7c-8365-e2e4bdab381d,,,CASE,,,,,,"[""https://s3.amazonaws.com/media.usepepper.com/suppliers/cd7e83da-61a6-45c3-9a43-db0a83bd04fa/items/a65958b5-9c3e-4d88-82e6-a07eba2f48c7.png""]",,,,,,,Appetizers,,,,,,Ace Endico,,,,Food,Frozen,Appetizers
Chicken Empanada,"Brand: TIA MARIA
CASE | 50 x 4.58 OZ",,,364947,f40b582c-76f3-4d73-b001-87e517229483,,,CASE,,,,,,"[""https://s3.amazonaws.com/media.usepepper.com/suppliers/cd7e83da-61a6-45c3-9a43-db0a83bd04fa/items/f1abaf15-d7f8-5fff-b610-6707ae0afd9e.jpg""]",,,,,,,Appetizers,,,,,,Ace Endico,,,,Food,Frozen,Appetizers
* Chicken Lemongrass Potstickers,"Brand: CHEF ONE
CASE | 3 x 50 CT",,,450472,1e82e0ac-1d43-4dd2-9c0e-f2fe355d7445,,,CASE,,1.08E+13,,,,"[""https://s3.amazonaws.com/media.usepepper.com/suppliers/cd7e83da-61a6-45c3-9a43-db0a83bd04fa/items/dd31e61b-e18f-5b11-908a-788059e6ec67.jpg""]",,,,,,,Appetizers,,,,,,Ace Endico,,,,Food,Frozen,Appetizers
* Chicken Mini Taco,"Brand: POSADA
CASE | 4 x 4 LB",,,362690,2a0d29a3-d9d7-4c55-851b-00e2dc7e7335,,,CASE,,1.01E+13,,,,"[""https://s3.amazonaws.com/media.usepepper.com/suppliers/cd7e83da-61a6-45c3-9a43-db0a83bd04fa/items/c7dd27fc-68b0-494d-bf0f-6cd2956ce060.png""]",,,,,,,Appetizers,,,,,,Ace Endico,,,,Food,Frozen,Appetizers
Chicken Parmesan Puffs,"Brand: SAUGATUCK
CASE | 100 x .6 OZ",,,366577,fb602275-f751-4c17-8a46-c42088094947,,,CASE,,,,,,"[""https://s3.amazonaws.com/media.usepepper.com/suppliers/cd7e83da-61a6-45c3-9a43-db0a83bd04fa/items/311011a2-494e-53d5-9562-067479cd7f08.jpg""]",,,,,,,Appetizers,,,,,,Ace Endico,,,,Food,Frozen,Appetizers
Chicken Potsticker,"Brand: ROYAL DRAGON
CASE | 120 x 1 OZ",,,364707,a6792be1-0838-4cb0-9bed-57c8e988678c,,,CASE,,78024041743,,,,"[""https://s3.amazonaws.com/media.usepepper.com/suppliers/cd7e83da-61a6-45c3-9a43-db0a83bd04fa/items/9840f87a-112b-4b3a-b755-b9fc6fda7329.png""]",,,,,,,Appetizers,,,,,,Ace Endico,,,,Food,Frozen,Appetizers
Chicken Salsa Verde Empanada,"Brand: SAUGATUCK
CASE | 100 x .75 OZ",,,364948,9fcd40c2-9b40-4a5e-bdad-a600317edefd,,,CASE,,,,,,"[""https://s3.amazonaws.com/media.usepepper.com/suppliers/cd7e83da-61a6-45c3-9a43-db0a83bd04fa/items/e4a58adf-b7bf-539d-90db-45f56f5fd0cd.jpg""]",,,,,,,Appetizers,,,,,,Ace Endico,,,,Food,Frozen,Appetizers
Chicken & Spinach Meatball,"Brand: SAUGATUCK
CASE | 100 x .75 OZ",,,362940,a9cfdc4f-d231-4a0b-ad5b-0dd3c282fe00,,,CASE,,,,,,"[""https://s3.amazonaws.com/media.usepepper.com/suppliers/cd7e83da-61a6-45c3-9a43-db0a83bd04fa/items/e4a3c503-4596-57bd-b077-ba6ced61a2f8.jpg""]",,,,,,,Appetizers,,,,,,Ace Endico,,,,Food,Frozen,Appetizers
Chicken Teriyaki Potstickers,"Brand: CHEF ONE
CASE | 3 x 2.5 LB",,,450418,d5aaccdd-1157-4f16-9d5c-628b3c5aa577,,,CASE,,1.08E+13,,,,"[""https://s3.amazonaws.com/media.usepepper.com/suppliers/cd7e83da-61a6-45c3-9a43-db0a83bd04fa/items/a805aad4-662c-5cde-8bf3-d1c78b892483.jpg""]",,,,,,,Appetizers,,,,,,Ace Endico,,,,Food,Frozen,Appetizers
Chopotle Beef in Blue Corn Empanada,"Brand: SAUGATUCK
CASE | 100 x .60 OZ",,,366464,21f95c03-5e08-4613-83fc-703cace5fff3,,,CASE,,,,,,"[""https://s3.amazonaws.com/media.usepepper.com/suppliers/cd7e83da-61a6-45c3-9a43-db0a83bd04fa/items/17501c5d-2f2f-5fbc-a08a-9db8ddf0423a.jpg""]",,,,,,,Appetizers,,,,,,Ace Endico,,,,Food,Frozen,Appetizers
Chorizo Empanada,"Brand: SAUGATUCK
CASE | 100 x .60 OZ",,,366514,d9ae0c88-e183-41e6-b719-3c9dd5b807b3,,,CASE,,,,,,"[""https://s3.amazonaws.com/media.usepepper.com/suppliers/cd7e83da-61a6-45c3-9a43-db0a83bd04fa/items/4a2d57f1-c017-5456-a3f9-52a5dd15c24b.jpg""]",,,,,,,Appetizers,,,,,,Ace Endico,,,,Food,Frozen,Appetizers
Corn Arepas With Cheese,"Brand: BRISAS
CASE | 1 x 36 CT",,,364969,0ee67d92-3e26-43f4-8867-d380d3681dbc,,,CASE,,,,,,"[""https://s3.amazonaws.com/media.usepepper.com/suppliers/cd7e83da-61a6-45c3-9a43-db0a83bd04fa/items/15dfd5f9-cbc4-54cb-a080-d4e08edd8420.jpg""]",,,,,,,Appetizers,,,,,,Ace Endico,,,,Food,Frozen,Appetizers
* Crab Rangoon,"Brand: AMOY
CASE | 4 x 30 CT",,,365743,17cd17ca-25c3-4f99-8870-c320d11ea584,,,CASE,,,,,,"[""https://s3.amazonaws.com/media.usepepper.com/suppliers/cd7e83da-61a6-45c3-9a43-db0a83bd04fa/items/f7a1dde0-8ed9-5c7e-af69-80e8c9647229.jpg""]",,,,,,,Appetizers,,,,,,Ace Endico,,,,Food,Frozen,Appetizers
Dipt and Dusted Pickle Fries,"Brand: TAMPA MAID
CASE | 5 x 2 LB",,,381671,ec35defd-946f-4cae-835f-bd06ef77a639,,,CASE,,1.00E+13,,,,"[""https://s3.amazonaws.com/media.usepepper.com/suppliers/cd7e83da-61a6-45c3-9a43-db0a83bd04fa/items/704f6f1a-0f3d-43fe-9957-dca3213aa643.png""]",,,,,,,Appetizers,,,,,,Ace Endico,,,,Food,Frozen,Appetizers
Duck Bacon & Sweet Corn Wonton,"Brand: MAPLE LEAF
CASE | 100 x 1.2 OZ",,,366373,25034319-ca59-4bbe-9cd5-e1a017611069,,,CASE,,73981341479,,,,,,,,,,,Appetizers,,,,,,Ace Endico,,,,Food,Frozen,Appetizers
Eggplant Caponata di Melanzane,"Brand: CONTORNO
CASE | 12 x 10 OZ",,,798402,608984f9-0623-4616-8036-a77c42641c03,,,CASE,,,,,,"[""https://s3.amazonaws.com/media.usepepper.com/suppliers/cd7e83da-61a6-45c3-9a43-db0a83bd04fa/items/38d1d09f-f96b-5707-9f50-ee420bf82163.jpg""]",,,,,,,Appetizers,,,,,,Ace Endico,,,,Food,Frozen,Appetizers
Fig & Fontina in Phyllo Triangle,"Brand: SAUGATUCK
CASE | 100 x .6 OZ",,,366476,6d14e9b0-bc44-49c3-8b0f-01720c973236,,,CASE,,,,,,"[""https://s3.amazonaws.com/media.usepepper.com/suppliers/cd7e83da-61a6-45c3-9a43-db0a83bd04fa/items/6ee7dddf-6fbc-5588-84d2-77520fe03cbb.jpg""]",,,,,,,Appetizers,,,,,,Ace Endico,,,,Food,Frozen,Appetizers
Four Cheese Risotto Ball,"Brand: SAUGATUCK
CASE | 100 x .7 OZ",,,673417,30773e43-e3d7-446c-b441-b2717b034c7e,,,CASE,,8.18E+11,,,,"[""https://s3.amazonaws.com/media.usepepper.com/suppliers/cd7e83da-61a6-45c3-9a43-db0a83bd04fa/items/afce3639-eaea-4d30-9777-41e9b2a52916.png""]",,,,,,,Appetizers,,,,,,Ace Endico,,,,Food,Frozen,Appetizers
* Franks In A Blanket,"Brand: SABRETT
EACH | 1 x 100 CT
CASE | 6 x 100 CT",,,532791,5bb41597-7430-420a-891e-004b0cc5df46,,,CASE,,1.08E+13,,,,"[""https://s3.amazonaws.com/media.usepepper.com/suppliers/cd7e83da-61a6-45c3-9a43-db0a83bd04fa/items/dafc7222-309a-5421-a129-ec4188b16200.jpg""]",,,,,,,Appetizers,,,,,,Ace Endico,,,,Food,Frozen,Appetizers
* Franks In A Blanket,"Brand: SABRETT
EACH | 1 x 100 CT
CASE | 6 x 100 CT",,,532791,bfb1a2e2-366c-4df2-8e21-8af02454c9e9,,,EACH,,1.08E+13,,,,"[""https://s3.amazonaws.com/media.usepepper.com/suppliers/cd7e83da-61a6-45c3-9a43-db0a83bd04fa/items/dafc7222-309a-5421-a129-ec4188b16200.jpg""]",,,,,,,Appetizers,,,,,,Ace Endico,,,,Food,Frozen,Appetizers
Franks In Blankets,"Brand: ENTREMES
CASE | 1 x 100 CT",,,358884,e9120cf1-9d85-4c88-9461-7acfa42f4eeb,,,CASE,,,,,,"[""https://s3.amazonaws.com/media.usepepper.com/suppliers/cd7e83da-61a6-45c3-9a43-db0a83bd04fa/items/8a9d0ca5-068c-56dc-937d-ae39b0b624a3.jpg""]",,,,,,,Appetizers,,,,,,Ace Endico,,,,Food,Frozen,Appetizers
Franks in Puff Pastry,"Brand: WALTER'S
CASE | 1 x 144 CT",,,358885,17192a9e-ae8a-4746-8655-796d20b92571,,,CASE,,,,,,"[""https://s3.amazonaws.com/media.usepepper.com/suppliers/cd7e83da-61a6-45c3-9a43-db0a83bd04fa/items/934471ca-f6e4-50e0-95df-cacf1200f82c.jpg""]",,,,,,,Appetizers,,,,,,Ace Endico,,,,Food,Frozen,Appetizers
Franks in Puff Pastry Retail Pack,"Brand: WALTER'S
CASE | 12 x 12 CT",,,358886,2c0075fc-945d-44d8-8258-a2f228fb15fe,,,CASE,,,,,,"[""https://s3.amazonaws.com/media.usepepper.com/suppliers/cd7e83da-61a6-45c3-9a43-db0a83bd04fa/items/dbb77935-9443-5d07-ba09-b3bae93cd4b4.jpg""]",,,,,,,Appetizers,,,,,,Ace Endico,,,,Food,Frozen,Appetizers
French Onion Boule Appetizer,"Brand: SAUGATUCK
EACH | 1 x 12 CT TRAY
CASE | 10 x 12 CT TRAY",,,366435,06938bb7-ca7a-4790-a7f6-400536e5ecdd,,,CASE,,8.18E+11,,,,"[""https://s3.amazonaws.com/media.usepepper.com/suppliers/cd7e83da-61a6-45c3-9a43-db0a83bd04fa/items/88a43f04-dbff-5097-86d9-c35c8ee1ee70.jpg""]",,,,,,,Appetizers,,,,,,Ace Endico,,,,Food,Frozen,Appetizers
French Onion Boule Appetizer,"Brand: SAUGATUCK
EACH | 1 x 12 CT TRAY
CASE | 10 x 12 CT TRAY",,,366435,3f3d2129-3b48-4778-9cf4-57b64db2a7d7,,,EACH,,8.18E+11,,,,"[""https://s3.amazonaws.com/media.usepepper.com/suppliers/cd7e83da-61a6-45c3-9a43-db0a83bd04fa/items/88a43f04-dbff-5097-86d9-c35c8ee1ee70.jpg""]",,,,,,,Appetizers,,,,,,Ace Endico,,,,Food,Frozen,Appetizers
French Onion Soup Boule,"Brand: SAUGATUCK
CASE | 60 x .75 OZ",,,366434,86adcdd9-ab1e-4b73-a105-cfe0c10a5496,,,CASE,,,,,,"[""https://s3.amazonaws.com/media.usepepper.com/suppliers/cd7e83da-61a6-45c3-9a43-db0a83bd04fa/items/23b5adef-0cd0-5719-a89b-ade2fd5aacd0.jpg""]",,,,,,,Appetizers,,,,,,Ace Endico,,,,Food,Frozen,Appetizers
Ham Croquettes Party Sized,"Brand: CATALINA
CASE | 6 x 100 CT",,,362994,974e1e5a-21ab-481a-b779-a45e398546dd,,,CASE,,,,,,"[""https://s3.amazonaws.com/media.usepepper.com/suppliers/cd7e83da-61a6-45c3-9a43-db0a83bd04fa/items/33b98e1b-9ef8-4432-84c3-fa3af9c1e90b.png""]",,,,,,,Appetizers,,,,,,Ace Endico,,,,Food,Frozen,Appetizers
* Hong Kong Vegetable Spring Roll,"Brand: ROYAL DRAGON
CASE | 96 x 2.5 OZ",,,364710,45387e69-5e05-4718-93dc-3468c25ebddf,,,CASE,,78024041323,,,,"[""https://s3.amazonaws.com/media.usepepper.com/suppliers/cd7e83da-61a6-45c3-9a43-db0a83bd04fa/items/10fb1d05-2582-49ad-9fd3-548648b37d68.png""]",,,,,,,Appetizers,,,,,,Ace Endico,,,,Food,Frozen,Appetizers
Imported Caponata,"Brand: CUOCO
CASE | 12 x 7 OZ",,,975551,7e36a7d8-b8fd-454c-a943-4a466b6a9272,,,CASE,,,,,,"[""https://s3.amazonaws.com/media.usepepper.com/suppliers/cd7e83da-61a6-45c3-9a43-db0a83bd04fa/items/83c52e7d-58bb-52ac-bdc7-295d48502bfd.jpg""]",,,,,,,Appetizers,,,,,,Ace Endico,,,,Food,Frozen,Appetizers
Jalapeno Popper with Cheddar,"Brand: AE APPETIZERS
CASE | 4 x 3 LB",,,359906,e729ee39-4c47-4ded-a904-be2e7f6a9d4a,,,CASE,,,,,,"[""https://s3.amazonaws.com/media.usepepper.com/suppliers/cd7e83da-61a6-45c3-9a43-db0a83bd04fa/items/fa720631-55fe-4d81-8342-73473776a7ca.png""]",,,,,,,Appetizers,,,,,,Ace Endico,,,,Food,Frozen,Appetizers
Jalapeno Popper with Cream Cheese,"Brand: AE APPETIZERS
CASE | 4 x 3 LB",,,359907,8565012f-d44f-4cda-8dee-dbc9d3368676,,,CASE,,,,,,"[""https://s3.amazonaws.com/media.usepepper.com/suppliers/cd7e83da-61a6-45c3-9a43-db0a83bd04fa/items/ef41a21e-16c1-46bd-9ae4-0ba3332db92f.png""]",,,,,,,Appetizers,,,,,,Ace Endico,,,,Food,Frozen,Appetizers
* Kale And Vegetable Dumplings,"Brand: CHEF ONE
CASE | 3 x 2.5 LB",,,450496,82214c43-c8a4-4d7e-8f85-1fa27d342e65,,,CASE,,1.08E+13,,,,"[""https://s3.amazonaws.com/media.usepepper.com/suppliers/cd7e83da-61a6-45c3-9a43-db0a83bd04fa/items/1973b859-8b0c-59e6-872b-93e3e6f45394.jpg""]",,,,,,,Appetizers,,,,,,Ace Endico,,,,Food,Frozen,Appetizers
Kobe Beef Cheese Burger Slider,"Brand: SAUGATUCK
CASE | 80 x .80 OZ",,,366558,a45060d2-f4e9-4c71-b102-a017ecaf9d66,,,CASE,,8.18E+11,,,,"[""https://s3.amazonaws.com/media.usepepper.com/suppliers/cd7e83da-61a6-45c3-9a43-db0a83bd04fa/items/dd861a46-fe96-512c-83d8-1e41e3c6f3d1.jpg""]",,,,,,,Appetizers,,,,,,Ace Endico,,,,Food,Frozen,Appetizers
Kung Pao Cauliflower Bites,"Brand: SAUGATUCK
CASE | 100 x .8 OZ",,,366463,a0bd674c-cba7-459e-882c-fc1065b5a45a,,,CASE,,8.18E+11,,,,"[""https://s3.amazonaws.com/media.usepepper.com/suppliers/cd7e83da-61a6-45c3-9a43-db0a83bd04fa/items/5144aeeb-c329-4a8b-9896-ce0234506a76.png""]",,,,,,,Appetizers,,,,,,Ace Endico,,,,Food,Frozen,Appetizers
Large Potato Pancake 5-6oz,"Brand: GABILA'S
CASE | 35 x 5-6 OZ",,,362947,c6443185-21af-4652-aefd-98ca90266582,,,CASE,,,,,,"[""https://s3.amazonaws.com/media.usepepper.com/suppliers/cd7e83da-61a6-45c3-9a43-db0a83bd04fa/items/ea211e32-383b-4725-b2d2-027abf7cdfa9.jpeg""]",,,,,,,Appetizers,,,,,,Ace Endico,,,,Food,Frozen,Appetizers
Mac And Cheese Bite with Bacon & Jalapeno,"Brand: SAUGATUCK
CASE | 100 x .75 OZ",,,364952,025882ca-987a-4106-bbf1-01eff9c59ace,,,CASE,,,,,,"[""https://s3.amazonaws.com/media.usepepper.com/suppliers/cd7e83da-61a6-45c3-9a43-db0a83bd04fa/items/c64bafff-ab55-5707-b852-ec866e07659a.jpg""]",,,,,,,Appetizers,,,,,,Ace Endico,,,,Food,Frozen,Appetizers
Mac And Cheese Fritters .75 oz,"Brand: STUFFED FOODS
CASE | 1 x 200 CT",,,366155,a5665d6a-549f-49f8-9b7f-3681a3ca619b,,,CASE,,,,,,"[""https://s3.amazonaws.com/media.usepepper.com/suppliers/cd7e83da-61a6-45c3-9a43-db0a83bd04fa/items/600b4c93-29fe-52fb-866d-b05fe9fc16ee.jpg""]",,,,,,,Appetizers,,,,,,Ace Endico,,,,Food,Frozen,Appetizers
Mac And Cheese Wedges,"Brand: ANCHOR
CASE | 6 x 3 LB",,,360280,71ebdc18-88df-426a-a767-6e3e3aa7991e,,,CASE,,,,,,"[""https://s3.amazonaws.com/media.usepepper.com/suppliers/cd7e83da-61a6-45c3-9a43-db0a83bd04fa/items/2784918e-23b8-5a19-ba2c-821284b7e384.jpg""]",,,,,,,Appetizers,,,,,,Ace Endico,,,,Food,Frozen,Appetizers
* Mac & Cheese Bites,"Brand: FRED'S
EACH | 1 x 2 LB
CASE | 6 x 2 LB",,,360333,eaee490e-364c-4c7a-a307-54a77d1a58b7,,,CASE,,1.01E+13,,,,"[""https://s3.amazonaws.com/media.usepepper.com/suppliers/cd7e83da-61a6-45c3-9a43-db0a83bd04fa/items/cf84cb9f-bf2b-54fc-8b00-d5160824468d.jpg""]",,,,,,,Appetizers,,,,,,Ace Endico,,,,Food,Frozen,Appetizers
* Mac & Cheese Bites,"Brand: FRED'S
EACH | 1 x 2 LB
CASE | 6 x 2 LB",,,360333,c4515587-f8ce-44bc-b217-3d716ee5bd3d,,,EACH,,1.01E+13,,,,"[""https://s3.amazonaws.com/media.usepepper.com/suppliers/cd7e83da-61a6-45c3-9a43-db0a83bd04fa/items/cf84cb9f-bf2b-54fc-8b00-d5160824468d.jpg""]",,,,,,,Appetizers,,,,,,Ace Endico,,,,Food,Frozen,Appetizers
Mini Andouille Puff Pastry,"Brand: SAUGATUCK
CASE | 100 x .75 OZ",,,349825,db56ed65-3dda-46bf-9dd7-b96674815e0b,,,CASE,,,,,,"[""https://s3.amazonaws.com/media.usepepper.com/suppliers/cd7e83da-61a6-45c3-9a43-db0a83bd04fa/items/4a8cbdfe-c194-55d9-9103-cb64a1785418.jpg""]",,,,,,,Appetizers,,,,,,Ace Endico,,,,Food,Frozen,Appetizers
Mini Chicken Corn Dogs,"Brand: TYSON
CASE | 120 x 4 OZ",,,348738,fcb75d6a-a5c8-4492-a03d-f87df3f03b56,,,CASE,,23700049469,,,,"[""https://s3.amazonaws.com/media.usepepper.com/suppliers/cd7e83da-61a6-45c3-9a43-db0a83bd04fa/items/21a72c76-8980-4eea-a980-0181dfb99d0a.png""]",,,,,,,Appetizers,,,,,,Ace Endico,,,,Food,Frozen,Appetizers
Mini Chicken Empanada,"Brand: SPRING VALLEY
CASE | 1 x 100 CT",,,366238,4e6c907e-2040-4956-92d0-20abd3f0ed6b,,,CASE,,,,,,"[""https://s3.amazonaws.com/media.usepepper.com/suppliers/cd7e83da-61a6-45c3-9a43-db0a83bd04fa/items/0485626b-5ac4-57f6-918c-01f17cbe3e71.jpg""]",,,,,,,Appetizers,,,,,,Ace Endico,,,,Food,Frozen,Appetizers
Mini Corn Dogs,"Brand: HORMEL
CASE | 2 x 5 LB",,,554110,607f5ae5-8d9e-4fdd-97d4-102bebc167ae,,,CASE,,1.00E+13,,,,"[""https://s3.amazonaws.com/media.usepepper.com/suppliers/cd7e83da-61a6-45c3-9a43-db0a83bd04fa/items/865f72e0-8599-5326-afc1-1fac8a5a2eef.jpg""]",,,,,,,Appetizers,,,,,,Ace Endico,,,,Food,Frozen,Appetizers
Mini Nutella Empanada Raw,"Brand: BRISAS
CASE | 120 x 1.2 OZ",,,364974,09d4050d-d492-4020-84be-9e7aff8f54f2,,,CASE,,,,,,"[""https://s3.amazonaws.com/media.usepepper.com/suppliers/cd7e83da-61a6-45c3-9a43-db0a83bd04fa/items/7fd3060e-dbee-4fea-a4c9-e8f5f62263d2.png""]",,,,,,,Appetizers,,,,,,Ace Endico,,,,Food,Frozen,Appetizers
Mini Oriental Egg Rolls,"Brand: SPRING VALLEY
CASE | 1 x 100 CT",,,364864,0582d46e-c9dc-4662-b1a3-7a7ad396edfb,,,CASE,,,,,,"[""https://s3.amazonaws.com/media.usepepper.com/suppliers/cd7e83da-61a6-45c3-9a43-db0a83bd04fa/items/f7399fc0-5723-509b-90c5-5f34823d9965.jpg""]",,,,,,,Appetizers,,,,,,Ace Endico,,,,Food,Frozen,Appetizers
Mini Stuffed Potato Balls Beef & Pork,"Brand: CATALINA
CASE | 150 x .8 OZ",,,362996,0196c4fd-82e6-4a73-94a1-276712630384,,,CASE,,,,,,"[""https://s3.amazonaws.com/media.usepepper.com/suppliers/cd7e83da-61a6-45c3-9a43-db0a83bd04fa/items/44c84257-bf95-4fa6-ac06-24894b1b17af.png""]",,,,,,,Appetizers,,,,,,Ace Endico,,,,Food,Frozen,Appetizers
Mini Vegatable Spring Roll,"Brand: SPRING VALLEY
CASE | 1 x 100 CT",,,366211,cc2d8308-04f8-4250-bc94-4aee9c3ea5a7,,,CASE,,,,,,"[""https://s3.amazonaws.com/media.usepepper.com/suppliers/cd7e83da-61a6-45c3-9a43-db0a83bd04fa/items/6dc0dc0a-b72a-591c-be36-63e5dba26034.jpg""]",,,,,,,Appetizers,,,,,,Ace Endico,,,,Food,Frozen,Appetizers
Mozzarella Cheese Stick Whole Grain,"Brand: HIGH LINER
CASE | 4 x 5.445 LB",,,360445,7510e366-bd6b-48b0-9f72-c0dc09bcb096,,,CASE,,3.00E+13,,,,"[""https://s3.amazonaws.com/media.usepepper.com/suppliers/cd7e83da-61a6-45c3-9a43-db0a83bd04fa/items/42e02891-a1c2-4f35-8fb2-b23f8d6dfd8a.png""]",,,,,,,Appetizers,,,,,,Ace Endico,,,,Food,Frozen,Appetizers
Mozzarella Rice Balls,"Brand: RALPHIES
CASE | 24 x 3 OZ",,,366132,7c490712-26b5-459f-a40b-9de02ec8564d,,,CASE,,,,,,"[""https://s3.amazonaws.com/media.usepepper.com/suppliers/cd7e83da-61a6-45c3-9a43-db0a83bd04fa/items/99a3c8b0-87aa-561c-a859-bd789623d887.jpg""]",,,,,,,Appetizers,,,,,,Ace Endico,,,,Food,Frozen,Appetizers
Mushroom Gouda Tart,"Brand: SAUGATUCK
CASE | 100 x .5 OZ",,,366917,b9f3a4e4-d726-4f16-9641-22dc4c46380c,,,CASE,,,,,,"[""https://s3.amazonaws.com/media.usepepper.com/suppliers/cd7e83da-61a6-45c3-9a43-db0a83bd04fa/items/6bb05f5d-91bd-5700-a020-63be9b005329.jpg""]",,,,,,,Appetizers,,,,,,Ace Endico,,,,Food,Frozen,Appetizers
* One Bite Vegatable Spring Roll,"Brand: ROYAL DRAGON
CASE | 6 x 50 CT",,,366411,70ba0282-6ab7-4af3-b082-a2d0945cf3cf,,,CASE,,78024041187,,,,"[""https://s3.amazonaws.com/media.usepepper.com/suppliers/cd7e83da-61a6-45c3-9a43-db0a83bd04fa/items/3f7270a8-a0a8-4a01-b531-a364c428b5f4.xsl""]",,,,,,,Appetizers,,,,,,Ace Endico,,,,Food,Frozen,Appetizers
Paella Risotto Bites,"Brand: SAUGATUCK
CASE | 100 x .8 OZ",,,366343,198c2589-2cb4-4a65-9d1d-05a32dcbd8e7,,,CASE,,8.18E+11,,,,"[""https://s3.amazonaws.com/media.usepepper.com/suppliers/cd7e83da-61a6-45c3-9a43-db0a83bd04fa/items/bee13304-b880-5a3d-9009-a38a61e6df51.jpg""]",,,,,,,Appetizers,,,,,,Ace Endico,,,,Food,Frozen,Appetizers
Panelle Chickpea Fritters,"Brand: RALPHIES
CASE | 80 x 1 OZ",,,636818,2f9d4e46-6424-466d-9fd6-fef9768e4eaf,,,CASE,,,,,,"[""https://s3.amazonaws.com/media.usepepper.com/suppliers/cd7e83da-61a6-45c3-9a43-db0a83bd04fa/items/97685291-62a5-5356-ab71-14b01cd131f7.jpg""]",,,,,,,Appetizers,,,,,,Ace Endico,,,,Food,Frozen,Appetizers
Penne Vodka Bites With Bacon,"Brand: SAUGATUCK
CASE | 100 x .75 OZ",,,364962,9fb7eb24-bb30-4323-9919-c698930d968e,,,CASE,,,,,,"[""https://s3.amazonaws.com/media.usepepper.com/suppliers/cd7e83da-61a6-45c3-9a43-db0a83bd04fa/items/9953ec87-f872-5a91-9946-aed1b9e73caf.jpg""]",,,,,,,Appetizers,,,,,,Ace Endico,,,,Food,Frozen,Appetizers
Philly Cheese Steak Egg Rolls,"Brand: CHEF ONE
CASE | 1 x 50 CT",,,450421,ac0a7ae7-7b0e-449e-bc11-f292fed0a15b,,,CASE,,1.08E+13,,,,"[""https://s3.amazonaws.com/media.usepepper.com/suppliers/cd7e83da-61a6-45c3-9a43-db0a83bd04fa/items/5af4dc12-814b-55c8-85fa-a4ab14fd858a.jpg""]",,,,,,,Appetizers,,,,,,Ace Endico,,,,Food,Frozen,Appetizers
Porcini Risotto Ball,"Brand: SAUGATUCK
CASE | 100 x .7 OZ",,,366926,74360903-df0b-4518-9f1f-ebdfedcd57de,,,CASE,,,,,,"[""https://s3.amazonaws.com/media.usepepper.com/suppliers/cd7e83da-61a6-45c3-9a43-db0a83bd04fa/items/2ae41f7c-e7ed-4240-94a2-9aca48f2d32e.png""]",,,,,,,Appetizers,,,,,,Ace Endico,,,,Food,Frozen,Appetizers
* Pork And Chinese Vegetable Poststickers,"Brand: ROYAL DRAGON
CASE | 6 x 30 CT",,,365460,9568a0a0-f729-468e-abdb-81cac0227c08,,,CASE,,78024045970,,,,"[""https://s3.amazonaws.com/media.usepepper.com/suppliers/cd7e83da-61a6-45c3-9a43-db0a83bd04fa/items/dd372dde-ff27-4656-8f27-8743dc8189b3.xsl""]",,,,,,,Appetizers,,,,,,Ace Endico,,,,Food,Frozen,Appetizers
Pork And Napa Cabbage Dumplings,"Brand: CHEF ONE
EACH | 1 x 50 CT
CASE | 3 x 50 CT",,,365876,fd73c6f6-0e4b-4566-8022-98129463fc46,,,CASE,,1.08E+13,,,,"[""https://s3.amazonaws.com/media.usepepper.com/suppliers/cd7e83da-61a6-45c3-9a43-db0a83bd04fa/items/73167f44-c549-516c-b2b1-57b3b62fd20b.jpg""]",,,,,,,Appetizers,,,,,,Ace Endico,,,,Food,Frozen,Appetizers
Pork And Napa Cabbage Dumplings,"Brand: CHEF ONE
EACH | 1 x 50 CT
CASE | 3 x 50 CT",,,365876,3ceb3484-dc8e-4d42-b895-365b7c02a296,,,EACH,,1.08E+13,,,,"[""https://s3.amazonaws.com/media.usepepper.com/suppliers/cd7e83da-61a6-45c3-9a43-db0a83bd04fa/items/73167f44-c549-516c-b2b1-57b3b62fd20b.jpg""]",,,,,,,Appetizers,,,,,,Ace Endico,,,,Food,Frozen,Appetizers
Pork Tamales Wrapped In Corn Husk,"Brand: CATALINA
CASE | 50 x 5 OZ",,,362991,53e1fdeb-b8b0-46cd-956e-6140bdab5e9a,,,CASE,,,,,,"[""https://s3.amazonaws.com/media.usepepper.com/suppliers/cd7e83da-61a6-45c3-9a43-db0a83bd04fa/items/dc016add-54aa-40a3-95e2-8efe241eb11f.png""]",,,,,,,Appetizers,,,,,,Ace Endico,,,,Food,Frozen,Appetizers
Pork Wonton,"Brand: AMOY
CASE | 2 x 100 CT",,,365732,0107d421-7a9b-4424-92be-e5da3eec3a7e,,,CASE,,,,,,"[""https://s3.amazonaws.com/media.usepepper.com/suppliers/cd7e83da-61a6-45c3-9a43-db0a83bd04fa/items/8600fdd3-8dd2-54a4-8f4d-04c592326e52.jpg""]",,,,,,,Appetizers,,,,,,Ace Endico,,,,Food,Frozen,Appetizers
Portabello Risotto Balls,"Brand: STUFFED FOODS
CASE | 1 x 200 CT (.75OZ)",,,366142,7dc8a4d1-2a44-434e-9ec4-3b3d058c346e,,,CASE,,,,,,"[""https://s3.amazonaws.com/media.usepepper.com/suppliers/cd7e83da-61a6-45c3-9a43-db0a83bd04fa/items/f50f8e09-fc5b-5e67-87ae-4813a1d94b8f.jpg""]",,,,,,,Appetizers,,,,,,Ace Endico,,,,Food,Frozen,Appetizers
Potato & Onion Pierogies,"Brand: OLD FASHIONED
CASE | 4 x 48 CT",,,360930,32ae0b24-5350-42b4-b79e-856c1447aa5d,,,CASE,,1.00E+13,,,,"[""https://s3.amazonaws.com/media.usepepper.com/suppliers/cd7e83da-61a6-45c3-9a43-db0a83bd04fa/items/0cbf4d90-9ccc-52da-a94c-2c67b33a543b.jpg""]",,,,,,,Appetizers,,,,,,Ace Endico,,,,Food,Frozen,Appetizers
Potato Pancakes,"Brand: OLD FASHIONED
CASE | 12 x 24 CT",,,381600,23099063-52cb-4b82-b795-3dbe64588013,,,CASE,,1.00E+13,,,,"[""https://s3.amazonaws.com/media.usepepper.com/suppliers/cd7e83da-61a6-45c3-9a43-db0a83bd04fa/items/ef441886-9381-58d0-9a74-d7ed5eb438c3.jpg""]",,,,,,,Appetizers,,,,,,Ace Endico,,,,Food,Frozen,Appetizers
Potato Puffs,"Brand: ENTREMES
CASE | 1 x 100 CT",,,361462,b4a31186-c1d3-438c-9e62-3114c636eb04,,,CASE,,,,,,"[""https://s3.amazonaws.com/media.usepepper.com/suppliers/cd7e83da-61a6-45c3-9a43-db0a83bd04fa/items/f3bbe977-82c4-5445-845a-8d7ab1070b50.jpg""]",,,,,,,Appetizers,,,,,,Ace Endico,,,,Food,Frozen,Appetizers
Pre-Baked 3oz Beef Empanadas,"Brand: BRISAS
CASE | 1 x 30 CT",,,364949,64790a5b-8dcb-4ed3-a136-789a6963b7fc,,,CASE,,8.50E+11,,,,"[""https://s3.amazonaws.com/media.usepepper.com/suppliers/cd7e83da-61a6-45c3-9a43-db0a83bd04fa/items/58e7a597-9571-5d86-9987-6f9d51495a72.jpg""]",,,,,,,Appetizers,,,,,,Ace Endico,,,,Food,Frozen,Appetizers
Pre-Baked 3oz Chicken Empanada,"Brand: BRISAS
CASE | 1 x 30 CT",,,364951,9da89f2b-655d-4d8b-83dc-951042aba12b,,,CASE,,,,,,"[""https://s3.amazonaws.com/media.usepepper.com/suppliers/cd7e83da-61a6-45c3-9a43-db0a83bd04fa/items/b20a23fe-d06a-5f47-96cc-499c346278b3.jpg""]",,,,,,,Appetizers,,,,,,Ace Endico,,,,Food,Frozen,Appetizers
Quesadilla Taco with Beef and Cheese,"Brand: THE MAX
CASE | 96 x 4.09 OZ",,,359513,80b19f21-8448-4ec8-bd34-4f1926623365,,,CASE,,2.01E+13,,,,"[""https://s3.amazonaws.com/media.usepepper.com/suppliers/cd7e83da-61a6-45c3-9a43-db0a83bd04fa/items/7a1a1daf-ca43-5832-ae1b-e3d7fc089109.jpg""]",,,,,,,Appetizers,,,,,,Ace Endico,,,,Food,Frozen,Appetizers
"Risotto Ball w/ Asparagus, Red Pepper & Fontina","Brand: SAUGATUCK
CASE | 100 x .75 OZ",,,366451,2723469e-319a-4048-aa6a-16d781d49308,,,CASE,,,,,,"[""https://s3.amazonaws.com/media.usepepper.com/suppliers/cd7e83da-61a6-45c3-9a43-db0a83bd04fa/items/43137925-9ae9-589a-92d4-d53b063f1843.jpg""]",,,,,,,Appetizers,,,,,,Ace Endico,,,,Food,Frozen,Appetizers
Seasoned Jersey Onion Rings,"Brand: JERSEY SHORE
CASE | 6 x 2.5 LB",,,399496,05651a04-21cd-4d07-b408-8d75d260a691,,,CASE,,1.01E+13,,,,"[""https://s3.amazonaws.com/media.usepepper.com/suppliers/cd7e83da-61a6-45c3-9a43-db0a83bd04fa/items/3748f74d-4dc9-519b-8ece-b8c2a8fbda6b.jpg""]",,,,,,,Appetizers,,,,,,Ace Endico,,,,Food,Frozen,Appetizers
Shrimp And Vegetable Shoamai,"Brand: ROYAL DRAGON
CASE | 4 x 50 CT",,,365871,cc759233-7323-4fba-b5c7-8330f1317a20,,,CASE,,78024010312,,,,"[""https://s3.amazonaws.com/media.usepepper.com/suppliers/cd7e83da-61a6-45c3-9a43-db0a83bd04fa/items/2960e56e-800d-47a3-bfb5-632bc1d122f9.png""]",,,,,,,Appetizers,,,,,,Ace Endico,,,,Food,Frozen,Appetizers
Shrimp Potstickers,"Brand: ROYAL DRAGON
CASE | 4 x 30 CT",,,365470,77b8b0b0-5fcf-4fed-b2f3-eea000039c17,,,CASE,,78024010312,,,,"[""https://s3.amazonaws.com/media.usepepper.com/suppliers/cd7e83da-61a6-45c3-9a43-db0a83bd04fa/items/6fd45983-1a51-4e6f-a59f-8a64601ad3e0.png""]",,,,,,,Appetizers,,,,,,Ace Endico,,,,Food,Frozen,Appetizers
Sicilian Style Rice Balls,"Brand: RALPHIES
CASE | 24 x 3 OZ",,,636834,c4810004-8325-46f6-a621-2185b8851cbb,,,CASE,,,,,,"[""https://s3.amazonaws.com/media.usepepper.com/suppliers/cd7e83da-61a6-45c3-9a43-db0a83bd04fa/items/bb10917f-5903-5983-8916-68e276664692.jpg""]",,,,,,,Appetizers,,,,,,Ace Endico,,,,Food,Frozen,Appetizers
Sicilian Style Rice Balls,"Brand: RALPHIES
CASE | 72 x 1",,,636864,da80ba17-4e6e-41f0-82fe-3dc930ed54cf,,,CASE,,,,,,"[""https://s3.amazonaws.com/media.usepepper.com/suppliers/cd7e83da-61a6-45c3-9a43-db0a83bd04fa/items/89047afc-b653-5732-9aa5-7e5845fec7c0.jpg""]",,,,,,,Appetizers,,,,,,Ace Endico,,,,Food,Frozen,Appetizers
Spanakopita,"Brand: SPRING VALLEY
EACH | 1 x 25 CT
CASE | 4 x 25 CT",,,362423,aac46b8b-7e04-4c7e-b511-3aa162105d77,,,CASE,,,,,,"[""https://s3.amazonaws.com/media.usepepper.com/suppliers/cd7e83da-61a6-45c3-9a43-db0a83bd04fa/items/36cb40c2-5dd4-590a-9514-7102d5f763c2.jpg""]",,,,,,,Appetizers,,,,,,Ace Endico,,,,Food,Frozen,Appetizers
Spanakopita,"Brand: CORFU
EACH | 1 x 48 CT
CASE | 2 x 48 CT",,,435136,2ce4a744-c5ca-4305-a2a6-07449b77e021,,,CASE,,,,,,"[""https://s3.amazonaws.com/media.usepepper.com/suppliers/cd7e83da-61a6-45c3-9a43-db0a83bd04fa/items/6e6ef1f9-e328-5d3f-ba39-9521357d6c2e.jpg""]",,,,,,,Appetizers,,,,,,Ace Endico,,,,Food,Frozen,Appetizers
Spanakopita,"Brand: SPRING VALLEY
EACH | 1 x 25 CT
CASE | 4 x 25 CT",,,362423,dca0d412-519e-4c11-ad03-02347124dc85,,,EACH,,,,,,"[""https://s3.amazonaws.com/media.usepepper.com/suppliers/cd7e83da-61a6-45c3-9a43-db0a83bd04fa/items/36cb40c2-5dd4-590a-9514-7102d5f763c2.jpg""]",,,,,,,Appetizers,,,,,,Ace Endico,,,,Food,Frozen,Appetizers
Spanakopita,"Brand: CORFU
EACH | 1 x 48 CT
CASE | 2 x 48 CT",,,435136,c94c53d9-4eb6-46d9-9667-2d106f3a0d61,,,EACH,,,,,,"[""https://s3.amazonaws.com/media.usepepper.com/suppliers/cd7e83da-61a6-45c3-9a43-db0a83bd04fa/items/6e6ef1f9-e328-5d3f-ba39-9521357d6c2e.jpg""]",,,,,,,Appetizers,,,,,,Ace Endico,,,,Food,Frozen,Appetizers
Spinach and Artichoke Popper With Cheese,"Brand: STUFFED FOODS
CASE | 4 x 2.34 LB",,,366158,cab48845-388e-4a90-aab4-2a70f7214eac,,,CASE,,,,,,"[""https://s3.amazonaws.com/media.usepepper.com/suppliers/cd7e83da-61a6-45c3-9a43-db0a83bd04fa/items/548a0645-f6ac-5ab8-af43-a95e7bd4f57e.png""]",,,,,,,Appetizers,,,,,,Ace Endico,,,,Food,Frozen,Appetizers
Spinach Empanadas,"Brand: WHITE TOQUE
CASE | 50 x 3.5 OZ",,,352364,a8f512c4-6c8f-4e92-b550-877462838bad,,,CASE,,,,,,,,,,,,,Appetizers,,,,,,Ace Endico,,,,Food,Frozen,Appetizers
Steak And Cheese Spring Roll,"Brand: SAUGATUCK
CASE | 100 x .70 OZ",,,362932,611906f2-95cf-4595-85ad-4dfa4aa353d7,,,CASE,,8.18E+11,,,,"[""https://s3.amazonaws.com/media.usepepper.com/suppliers/cd7e83da-61a6-45c3-9a43-db0a83bd04fa/items/61a37bec-e66a-5f66-8c55-392a22169290.jpg""]",,,,,,,Appetizers,,,,,,Ace Endico,,,,Food,Frozen,Appetizers
Steam Roasted Pork Buns,"Brand: CHEF HON
CASE | 30 x 4 CT",,,366460,917cc919-2c11-4de2-873a-4e836aa0ecec,,,CASE,,,,,,"[""https://s3.amazonaws.com/media.usepepper.com/suppliers/cd7e83da-61a6-45c3-9a43-db0a83bd04fa/items/4f6169fe-6d95-460b-b5ad-8e3ad45ab389.jpeg""]",,,,,,,Appetizers,,,,,,Ace Endico,,,,Food,Frozen,Appetizers
Stuffed Artichoke Hearts,"Brand: SAUGATUCK
CASE | 100 x .85 OZ",,,823149,64326ef4-d775-45f8-ba60-c3f0f782b540,,,CASE,,,,,,"[""https://s3.amazonaws.com/media.usepepper.com/suppliers/cd7e83da-61a6-45c3-9a43-db0a83bd04fa/items/d5befbe8-f0c2-5139-8dc3-9472c3f05919.jpg""]",,,,,,,Appetizers,,,,,,Ace Endico,,,,Food,Frozen,Appetizers
Tempura Battered Pickle Chips,"Brand: CAVENDISH
CASE | 4 x 2 LB",,,731583,1778330f-e069-4428-9d42-b5bef13d297f,,,CASE,,1.01E+13,,,,"[""https://s3.amazonaws.com/media.usepepper.com/suppliers/cd7e83da-61a6-45c3-9a43-db0a83bd04fa/items/d608782d-3c1d-58d2-8ee3-41ea5da2f211.jpg""]",,,,,,,Appetizers,,,,,,Ace Endico,,,,Food,Frozen,Appetizers
Three-Mushroom Appetizer Bites,"Brand: SAUGATUCK
CASE | 100 x .6 OZ",,,366501,f52ed142-1aa2-4124-ba70-63decbbd2160,,,CASE,,,,,,"[""https://s3.amazonaws.com/media.usepepper.com/suppliers/cd7e83da-61a6-45c3-9a43-db0a83bd04fa/items/93aee0d6-b308-5266-881a-6d34e18b2c63.jpg""]",,,,,,,Appetizers,,,,,,Ace Endico,,,,Food,Frozen,Appetizers
Tomato Bisque Boule with Cheddar & Pesto,"Brand: SAUGATUCK
CASE | 60 x .75 OZ",,,366443,c2711605-fce3-44ba-bb16-df728765cd9b,,,CASE,,,,,,"[""https://s3.amazonaws.com/media.usepepper.com/suppliers/cd7e83da-61a6-45c3-9a43-db0a83bd04fa/items/20df2591-7a36-5716-923c-5c746da25aff.jpg""]",,,,,,,Appetizers,,,,,,Ace Endico,,,,Food,Frozen,Appetizers
Truffle Mac And Cheese Tart,"Brand: SAUGATUCK
CASE | 100 x .45 OZ",,,366499,a5dd90aa-40a4-4e06-b4c8-597854b335be,,,CASE,,8.18E+11,,,,"[""https://s3.amazonaws.com/media.usepepper.com/suppliers/cd7e83da-61a6-45c3-9a43-db0a83bd04fa/items/02e3460c-5aad-5bdf-be74-786e115b5c9b.jpg""]",,,,,,,Appetizers,,,,,,Ace Endico,,,,Food,Frozen,Appetizers
Variety Assorted Dinners,"Brand: SPRING VALLEY
CASE | 1 x 6 CT",,,357675,3c5a7bca-1697-42b4-b7ea-61493d2fb26f,,,CASE,,,,,,,,,,,,,Appetizers,,,,,,Ace Endico,,,,Food,Frozen,Appetizers
* Vegetable Egg Rolls,"Brand: MINH
CASE | 72 x 3 OZ",,,366090,c4d9bf03-b0cf-4f98-96a4-bface5e4de98,,,CASE,,35367690397,,,,"[""https://s3.amazonaws.com/media.usepepper.com/suppliers/cd7e83da-61a6-45c3-9a43-db0a83bd04fa/items/8d0f59ca-ac92-591a-9322-760eb30dd26a.jpg""]",,,,,,,Appetizers,,,,,,Ace Endico,,,,Food,Frozen,Appetizers
* Vegetable Potstickers,"Brand: ROYAL DRAGON
EACH | 1 x 30 CT
CASE | 6 x 30 CT",,,365690,061ae169-11d6-4551-86ae-dc16f3236d64,,,CASE,,78024041538,,,,"[""https://s3.amazonaws.com/media.usepepper.com/suppliers/cd7e83da-61a6-45c3-9a43-db0a83bd04fa/items/6c81effa-afcd-5ba9-aa03-d24dfd336cc6.jpg""]",,,,,,,Appetizers,,,,,,Ace Endico,,,,Food,Frozen,Appetizers
* Vegetable Potstickers,"Brand: ROYAL DRAGON
EACH | 1 x 30 CT
CASE | 6 x 30 CT",,,365690,e6fca1e8-9e02-46ef-a6cf-e1d5216a0923,,,EACH,,78024041538,,,,"[""https://s3.amazonaws.com/media.usepepper.com/suppliers/cd7e83da-61a6-45c3-9a43-db0a83bd04fa/items/6c81effa-afcd-5ba9-aa03-d24dfd336cc6.jpg""]",,,,,,,Appetizers,,,,,,Ace Endico,,,,Food,Frozen,Appetizers
Vegetable Spring Roll With Edamame,"Brand: SAUGATUCK
CASE | 100 x .75 OZ",,,366931,e0174773-08cf-43db-a70d-c7e14670a2fa,,,CASE,,,,,,"[""https://s3.amazonaws.com/media.usepepper.com/suppliers/cd7e83da-61a6-45c3-9a43-db0a83bd04fa/items/35f636f5-1548-54fb-9f96-23c6393b60d7.jpg""]",,,,,,,Appetizers,,,,,,Ace Endico,,,,Food,Frozen,Appetizers
Wagyu Beef Franks in a Blanket,"Brand: SAUGATUCK
CASE | 100 x .75 OZ",,,366085,1fd56dab-4010-45a3-96e7-7e345d702262,,,CASE,,,,,,"[""https://s3.amazonaws.com/media.usepepper.com/suppliers/cd7e83da-61a6-45c3-9a43-db0a83bd04fa/items/5ea56e88-b71e-5bfb-a1ac-614ff8495e96.jpg""]",,,,,,,Appetizers,,,,,,Ace Endico,,,,Food,Frozen,Appetizers
White Truffle Potato Croquettes,"Brand: SAUGATUCK
CASE | 36 x 3 OZ",,,366506,19c1a5fd-8c17-4a26-90f2-80b2cbc16833,,,CASE,,8.18E+11,,,,"[""https://s3.amazonaws.com/media.usepepper.com/suppliers/cd7e83da-61a6-45c3-9a43-db0a83bd04fa/items/5a8fb9bf-279d-5cb1-a369-f5d9e3b1a7c0.jpg""]",,,,,,,Appetizers,,,,,,Ace Endico,,,,Food,Frozen,Appetizers
White Truffle Yukon Potato Croquette,"Brand: SAUGATUCK
CASE | 120 x .75 OZ",,,366489,e8f9c7f2-68ef-4087-8dc6-a9ff01c9fcf4,,,CASE,,,,,,"[""https://s3.amazonaws.com/media.usepepper.com/suppliers/cd7e83da-61a6-45c3-9a43-db0a83bd04fa/items/5a8fb9bf-279d-5cb1-a369-f5d9e3b1a7c0.jpg""]",,,,,,,Appetizers,,,,,,Ace Endico,,,,Food,Frozen,Appetizers
Whole Battered Onion Rings,"Brand: MOORES
CASE | 6 x 2.5 LB",,,399260,074bc8d1-2a11-477a-bdf0-32b22c2e2de3,,,CASE,,,,,,"[""https://s3.amazonaws.com/media.usepepper.com/suppliers/cd7e83da-61a6-45c3-9a43-db0a83bd04fa/items/63968fec-f356-5ee5-a1dc-7b7e5f50b2da.jpg""]",,,,,,,Appetizers,,,,,,Ace Endico,,,,Food,Frozen,Appetizers
* Whole Beer Battered Onion Rings,"Brand: BREW CITY
CASE | 6 x 2.5 LB",,,399520,76a1674a-78ad-4486-8743-9716de12b227,,,CASE,,,,,,"[""https://s3.amazonaws.com/media.usepepper.com/suppliers/cd7e83da-61a6-45c3-9a43-db0a83bd04fa/items/08aedb55-c4e4-5729-bba0-29376b416fe1.jpg""]",,,,,,,Appetizers,,,,,,Ace Endico,,,,Food,Frozen,Appetizers
Whole Grain Breaded Mozzarella Sticks,"Brand: RICH'S
CASE | 8 x 3 LB",,,230679,43640ff7-b553-4290-bc04-c63337e16a46,,,CASE,,41322652195,,,,"[""https://s3.amazonaws.com/media.usepepper.com/suppliers/cd7e83da-61a6-45c3-9a43-db0a83bd04fa/items/debd87ee-1af9-42c4-89cb-38925ca40082.png""]",,,,,,,Appetizers,,,,,,Ace Endico,,,,Food,Frozen,Appetizers
Whole Grain Breaded Onion Rings,"Brand: TASTY BRANDS
CASE | 1 x 30 LB",,,399497,fd64dc6a-41b5-44f8-be84-a6687c769fb6,,,CASE,,1.09E+13,,,,,,,,,,,Appetizers,,,,,,Ace Endico,,,,Food,Frozen,Appetizers
Whole Wheat Chicken & Vegtable Dumplings,"Brand: CHEF ONE
CASE | 8 x 40 OZ",,,365877,d3513a7a-367c-4d13-9d91-da666f92f0a7,,,CASE,,1.08E+13,,,,"[""https://s3.amazonaws.com/media.usepepper.com/suppliers/cd7e83da-61a6-45c3-9a43-db0a83bd04fa/items/5c3ca738-6d66-5da6-922e-e29a61f8bf45.jpg""]",,,,,,,Appetizers,,,,,,Ace Endico,,,,Food,Frozen,Appetizers
