name,description,material,product_variants,sku,product_id,pack,size,unit,unit_count,gtin,retail_price,is_catch_weight,average_case_weight,image_url,manufacturer_sku,content_url,ordering_unit,is_broken_case,avg_case_weight,brand,level1 category,level2 category,level3 category,level4 category,product-category-style,manufacturer_name,distributor_name,supplier_name,country_of_origin,Group
100% Arbequina Extra Virgin Olive Oil,"Brand: BENIZAR
CASE | 3 x 5 LT JUGS
EACH | 1 x 5 LT JUGS",,,559538,fdbeb229-9d6f-452f-96aa-ecd9e10802fb,EACH,,CASE,,,,,,"[""https://s3.amazonaws.com/media.usepepper.com/suppliers/cd7e83da-61a6-45c3-9a43-db0a83bd04fa/items/80f8097a-0b43-5f12-a102-c3931a996797.jpg""]",,,,,,,Oils,,,,,,Ace Endico,,,Food
100% Arbequina Extra Virgin Olive Oil,"Brand: BENIZAR
CASE | 3 x 5 LT JUGS
EACH | 1 x 5 LT JUGS",,,559538,25ae6f2a-71c4-4217-9b90-1ce05d2167c3,,,EACH,,,,,,"[""https://s3.amazonaws.com/media.usepepper.com/suppliers/cd7e83da-61a6-45c3-9a43-db0a83bd04fa/items/80f8097a-0b43-5f12-a102-c3931a996797.jpg""]",,,,,,,Oils,,,,,,Ace Endico,,,Food
100% Canola Oil,"Brand: COLAVITA
CASE | 12 x 32 OZ
EACH | 1 x 32 OZ",,,563508,e76189f3-e278-48db-96b1-f5c37bbbfbe1,EACH,,CASE,,39153500402,,,,"[""https://s3.amazonaws.com/media.usepepper.com/suppliers/cd7e83da-61a6-45c3-9a43-db0a83bd04fa/items/f5fb6390-cef2-57cb-a015-2001c5aed7e5.jpg""]",,,,,,,Oils,,,,,,Ace Endico,,,Food
100% Canola Oil,"Brand: COLAVITA
CASE | 12 x 32 OZ
EACH | 1 x 32 OZ",,,563508,2e5f8a00-37e8-4b2a-9cfe-26fd1eb9f090,,,EACH,,39153500402,,,,"[""https://s3.amazonaws.com/media.usepepper.com/suppliers/cd7e83da-61a6-45c3-9a43-db0a83bd04fa/items/f5fb6390-cef2-57cb-a015-2001c5aed7e5.jpg""]",,,,,,,Oils,,,,,,Ace Endico,,,Food
100% Italian Extra Virgin Olive Oil,"Brand: FRANTOIA
CASE | 6 x 1 LT",,,559439,2fb7d680-ab7a-4aaa-8367-2add76d417bb,EACH,,CASE,,,,,,"[""https://s3.amazonaws.com/media.usepepper.com/suppliers/cd7e83da-61a6-45c3-9a43-db0a83bd04fa/items/790b75c0-253e-52fc-8fb9-e2d05f816447.jpg""]",,,,,,,Oils,,,,,,Ace Endico,,,Food
100% Pure Canola Oil,"Brand: COLAVITA
CASE | 1 x 35 LB",,,563499,a247b679-278b-4128-b9d3-82628c426283,EACH,,CASE,,39153500877,,,,"[""https://s3.amazonaws.com/media.usepepper.com/suppliers/cd7e83da-61a6-45c3-9a43-db0a83bd04fa/items/4b457311-b06e-5fa5-b023-3e6a71a4bfcb.jpg""]",,,,,,,Oils,,,,,,Ace Endico,,,Food
100% Pure Canola Oil,"Brand: COLAVITA
EACH | 1 x 1 GL
CASE | 6 x 1 GL",,,563519,1e9c1028-0db1-4b25-8c40-02618fe86c79,EACH,,CASE,,39153500860,,,,"[""https://s3.amazonaws.com/media.usepepper.com/suppliers/cd7e83da-61a6-45c3-9a43-db0a83bd04fa/items/a4a5eddc-89ca-5450-934c-ab27adf82557.jpg""]",,,,,,,Oils,,,,,,Ace Endico,,,Food
100% Pure Canola Oil,"Brand: COLAVITA
EACH | 1 x 1 GL
CASE | 6 x 1 GL",,,563519,af252f73-6691-49b0-a6a7-4ea3c4537261,,,EACH,,39153500860,,,,"[""https://s3.amazonaws.com/media.usepepper.com/suppliers/cd7e83da-61a6-45c3-9a43-db0a83bd04fa/items/a4a5eddc-89ca-5450-934c-ab27adf82557.jpg""]",,,,,,,Oils,,,,,,Ace Endico,,,Food
10% Blended Oil,"Brand: DIVO
CASE | 6 x 1 GAL",,,712705,78871da2-9d06-46e1-a591-7faf74b90488,EACH,,CASE,,1.00798E+13,,,,"[""https://s3.amazonaws.com/media.usepepper.com/suppliers/cd7e83da-61a6-45c3-9a43-db0a83bd04fa/items/7bcb1ac4-ad6a-5e25-b9c0-a2838d6d915b.jpg""]",,,,,,,Oils,,,,,,Ace Endico,,,Food
130TH Anniversary Extra Virgin Olive Oil,"Brand: BARBERA
CASE | 6 x 500 ML",,,714978,33fb03df-b09e-44a6-bb27-1e13bac4ca2f,EACH,,CASE,,,,,,,,,,,,,Oils,,,,,,Ace Endico,,,Food
25% Blended Oil,"Brand: SASSONE
CASE | 6 x 1 GL",,,563011,bf71c48b-b78f-453a-b9da-2e613d545848,EACH,,CASE,,,,,,"[""https://s3.amazonaws.com/media.usepepper.com/suppliers/cd7e83da-61a6-45c3-9a43-db0a83bd04fa/items/cc73c7b7-d6b8-5a62-ac17-e0095f649ff1.jpg""]",,,,,,,Oils,,,,,,Ace Endico,,,Food
25% Blended Oil,"Brand: INDIGO
CASE | 6 x 1 GAL",,,711880,dc1d62a6-3636-4e30-9660-ce2b50adf0d2,EACH,,CASE,,,,,,"[""https://s3.amazonaws.com/media.usepepper.com/suppliers/cd7e83da-61a6-45c3-9a43-db0a83bd04fa/items/76bddc5b-154f-5eee-996b-99b5077fdaa8.jpg""]",,,,,,,Oils,,,,,,Ace Endico,,,Food
50/50 Blended Oil Bag-N-Box,"Brand: INDIGO
CASE | 1 x 10 LT",,,563487,977071fb-03de-48d9-b614-33188036f9ad,EACH,,CASE,,,,,,"[""https://s3.amazonaws.com/media.usepepper.com/suppliers/cd7e83da-61a6-45c3-9a43-db0a83bd04fa/items/c5a6adc6-9fc2-5449-9ea5-075a4df2622f.jpg""]",,,,,,,Oils,,,,,,Ace Endico,,,Food
51% EVOO & 49% Sunflower Oil Blend,"Brand: OLITALIA
CASE | 2 x 3 LT",,,720785,f2666a2b-c47a-43ba-be58-8bb1b261e80c,EACH,,CASE,,,,,,,,,,,,,Oils,,,,,,Ace Endico,,,Food
75/25 Blended Canola/Olive Oil,"Brand: LA FEDE
CASE | 6 x 1 GAL",,,563118,ce7b8f0b-827c-45db-95fe-b77f9e32b118,EACH,,CASE,,,,,,"[""https://s3.amazonaws.com/media.usepepper.com/suppliers/cd7e83da-61a6-45c3-9a43-db0a83bd04fa/items/1eb5ca18-93c2-5d42-a909-828b3e98d7e0.jpg""]",,,,,,,Oils,,,,,,Ace Endico,,,Food
75% Canola 25% Virgin Olive Oil Blend,"Brand: COLAVITA
CASE | 12 x 32 OZ",,,563738,5b8228ad-58fe-4302-9ebb-e6691e3de6b0,EACH,,CASE,,39153500457,,,,"[""https://s3.amazonaws.com/media.usepepper.com/suppliers/cd7e83da-61a6-45c3-9a43-db0a83bd04fa/items/fde3a88d-68c0-5953-a988-8261e3c22b23.jpg""]",,,,,,,Oils,,,,,,Ace Endico,,,Food
85/15 Blended Canola/Extra Virgin Olive Oil,"Brand: COLAVITA
CASE | 6 x 1 GAL",,,712410,f5ca4cc8-cd01-4691-bb4a-212bb7b9a36a,EACH,,CASE,,39153500976,,,,"[""https://s3.amazonaws.com/media.usepepper.com/suppliers/cd7e83da-61a6-45c3-9a43-db0a83bd04fa/items/0eec68a9-b7d2-5187-9388-dd436d8a34e9.jpg""]",,,,,,,Oils,,,,,,Ace Endico,,,Food
90/10 Blended Canola/Olive Oil,"Brand: LA FEDE
EACH | 1 x 1 GL
CASE | 6 x 1 GL",,,563117,c2b514c1-b394-41a0-b49d-f47264f998bb,EACH,,CASE,,,,,,"[""https://s3.amazonaws.com/media.usepepper.com/suppliers/cd7e83da-61a6-45c3-9a43-db0a83bd04fa/items/e1d13624-e94b-5d12-8f71-6a5d95ee06ef.jpg""]",,,,,,,Oils,,,,,,Ace Endico,,,Food
90/10 Blended Canola/Olive Oil,"Brand: LA FEDE
EACH | 1 x 1 GL
CASE | 6 x 1 GL",,,563117,1abd997f-c5d8-4b55-a4dc-5bbeac97f9d4,,,EACH,,,,,,"[""https://s3.amazonaws.com/media.usepepper.com/suppliers/cd7e83da-61a6-45c3-9a43-db0a83bd04fa/items/e1d13624-e94b-5d12-8f71-6a5d95ee06ef.jpg""]",,,,,,,Oils,,,,,,Ace Endico,,,Food
90/10 Blended Oil,"Brand: DOLCE VITA
CASE | 6 x 1 GL
EACH | 1 x 1 GL",,,563010,f57832c9-d01b-4af4-a1fc-2df7ce18a34a,EACH,,CASE,,,,,,"[""https://s3.amazonaws.com/media.usepepper.com/suppliers/cd7e83da-61a6-45c3-9a43-db0a83bd04fa/items/273f7c4b-b486-5922-9a7c-d276574e0449.jpg""]",,,,,,,Oils,,,,,,Ace Endico,,,Food
90/10 Blended Oil,"Brand: DOLCE VITA
CASE | 6 x 1 GL
EACH | 1 x 1 GL",,,563010,1b064ec3-c0c0-41eb-b2de-18c5774569ce,,,EACH,,,,,,"[""https://s3.amazonaws.com/media.usepepper.com/suppliers/cd7e83da-61a6-45c3-9a43-db0a83bd04fa/items/273f7c4b-b486-5922-9a7c-d276574e0449.jpg""]",,,,,,,Oils,,,,,,Ace Endico,,,Food
90/10 Blended Vegetable/Olive Oil,"Brand: TRINACRIA
CASE | 6 x 1 GAL",,,712734,d0cb3bd8-47d7-43a9-983d-0e8f081a8cd8,EACH,,CASE,,1.00798E+13,,,,"[""https://s3.amazonaws.com/media.usepepper.com/suppliers/cd7e83da-61a6-45c3-9a43-db0a83bd04fa/items/bbcdfce9-f0fd-5fed-84a8-c7d8c092416e.jpg""]",,,,,,,Oils,,,,,,Ace Endico,,,Food
90% Soybean 10% Olive Pomace Oil,"Brand: SASSONE
CASE | 6 x 1 GL",,,563007,b3a851ac-77cd-4efd-af58-3d4205ea9ca9,EACH,,CASE,,,,,,"[""https://s3.amazonaws.com/media.usepepper.com/suppliers/cd7e83da-61a6-45c3-9a43-db0a83bd04fa/items/790fec04-6c87-5d1f-9ad7-830b7eb587c7.jpg""]",,,,,,,Oils,,,,,,Ace Endico,,,Food
All Purpose Vegetable Cooking Spray,"Brand: EVER BAKE
CASE | 6 x 17 OZ",,,719142,ad8bce1f-7f2b-49a8-a235-50172d71a0f7,EACH,,CASE,,2.0027E+13,,,,"[""https://s3.amazonaws.com/media.usepepper.com/suppliers/cd7e83da-61a6-45c3-9a43-db0a83bd04fa/items/2eee09fb-2bfc-4419-9077-a069a3d6047c.png""]",,,,,,,Oils,,,,,,Ace Endico,,,Food
Avocado Oil Spray,"Brand: COLAVITA
CASE | 6 x 5 OZ",,,563137,b078570b-91d8-464f-b4be-b85bb5d98134,EACH,,CASE,,,,,,"[""https://s3.amazonaws.com/media.usepepper.com/suppliers/cd7e83da-61a6-45c3-9a43-db0a83bd04fa/items/e516b10b-ebe1-4283-a34d-e97ff39d9c9d.jpeg""]",,,,,,,Oils,,,,,,Ace Endico,,,Food
Basilolio Extra Virgin OLive Oil,"Brand: COLAVITA
CASE | 6 x 8.5 OZ",,,563378,c53437cf-ff6a-40a1-bf26-6c5752f85fa4,EACH,,CASE,,39153100268,,,,"[""https://s3.amazonaws.com/media.usepepper.com/suppliers/cd7e83da-61a6-45c3-9a43-db0a83bd04fa/items/8c0251b5-531c-5cde-aac9-2cf614b684b2.jpg""]",,,,,,,Oils,,,,,,Ace Endico,,,Food
Beef Cube Shortening Fat,"Brand: OASIS
CASE | 1 x 50 LB",,,717910,d997adab-71c4-4e2c-aad6-a73608962dac,EACH,,CASE,,,,,,"[""https://s3.amazonaws.com/media.usepepper.com/suppliers/cd7e83da-61a6-45c3-9a43-db0a83bd04fa/items/cdeb17f5-1057-5743-adad-83327e23ce4d.jpg""]",,,,,,,Oils,,,,,,Ace Endico,,,Food
Blended Oil 10%,"Brand: INDIGO
EACH | 1 x 1 GAL
CASE | 6 x 1 GAL",,,712070,0a708de8-ba79-4747-b412-d4e9931fde43,EACH,,CASE,,,,,,"[""https://s3.amazonaws.com/media.usepepper.com/suppliers/cd7e83da-61a6-45c3-9a43-db0a83bd04fa/items/e099e37e-7358-54d6-a8f9-ca1101ac13c9.jpg""]",,,,,,,Oils,,,,,,Ace Endico,,,Food
Blended Oil 10%,"Brand: INDIGO
EACH | 1 x 1 GAL
CASE | 6 x 1 GAL",,,712070,7b0fcc23-ebd0-4fbc-a90c-fa3385bcd14a,,,EACH,,,,,,"[""https://s3.amazonaws.com/media.usepepper.com/suppliers/cd7e83da-61a6-45c3-9a43-db0a83bd04fa/items/e099e37e-7358-54d6-a8f9-ca1101ac13c9.jpg""]",,,,,,,Oils,,,,,,Ace Endico,,,Food
Blended Oil Italian Style,"Brand: COLAVITA
CASE | 6 x 1 GL",,,563471,60108b20-237f-4926-9b91-b1d28d7deab8,EACH,,CASE,,39153500990,,,,"[""https://s3.amazonaws.com/media.usepepper.com/suppliers/cd7e83da-61a6-45c3-9a43-db0a83bd04fa/items/1916c4ec-3ef2-596e-8c99-6d4338b0d0ce.jpg""]",,,,,,,Oils,,,,,,Ace Endico,,,Food
Butter Flavored Oil,"Brand: WHIRL
EACH | 1 x 1 GL
CASE | 3 x 1 GL",,,718737,270ed20e-d56b-46e8-b691-935acd13d1e0,EACH,,CASE,,1.07519E+13,,,,"[""https://s3.amazonaws.com/media.usepepper.com/suppliers/cd7e83da-61a6-45c3-9a43-db0a83bd04fa/items/84abe4b5-db63-51a4-8247-11a2864961e1.jpg""]",,,,,,,Oils,,,,,,Ace Endico,,,Food
Butter Flavored Oil,"Brand: WHIRL
EACH | 1 x 1 GL
CASE | 3 x 1 GL",,,718737,98f8c6a5-7400-40ab-b143-d9114c7ff5b2,,,EACH,,1.07519E+13,,,,"[""https://s3.amazonaws.com/media.usepepper.com/suppliers/cd7e83da-61a6-45c3-9a43-db0a83bd04fa/items/588e60ba-c66f-43e3-99d1-88cc24a05fa8.jpeg""]",,,,,,,Oils,,,,,,Ace Endico,,,Food
California Blended Oil Bag-In-Box,"Brand: 51/49
CASE | 1 x 10 LT",,,712906,f71c867f-7064-46a1-97d6-af527ab70cf3,EACH,,CASE,,8.90864E+11,,,,"[""https://s3.amazonaws.com/media.usepepper.com/suppliers/cd7e83da-61a6-45c3-9a43-db0a83bd04fa/items/008adae8-aab9-5864-9d80-0435da7bbc9f.jpg""]",,,,,,,Oils,,,,,,Ace Endico,,,Food
California Cooking Oil,"Brand: LA PADELLA
CASE | 1 x 10 LT",,,712901,8574651e-816c-4601-b676-713abaa121ad,EACH,,CASE,,,,,,"[""https://s3.amazonaws.com/media.usepepper.com/suppliers/cd7e83da-61a6-45c3-9a43-db0a83bd04fa/items/16cd18e9-800d-5cd4-ae06-4f141faebfce.jpg""]",,,,,,,Oils,,,,,,Ace Endico,,,Food
California Extra Virgin Olive Oil Bag-In-Box,"Brand: CORTO
CASE | 1 x 10 LT",,,716584,a0bdf3b9-f8bb-48bf-b9fc-33767fda3979,EACH,,CASE,,,,,,"[""https://s3.amazonaws.com/media.usepepper.com/suppliers/cd7e83da-61a6-45c3-9a43-db0a83bd04fa/items/3e433c7d-62fb-5e41-8147-9999c847634d.jpg""]",,,,,,,Oils,,,,,,Ace Endico,,,Food
Canola Oil,"Brand: FRESH CHOICE
CASE | 1 x 35 LB",,,712640,2d6d204a-b9b7-4b53-9ce2-d9a26092271d,EACH,,CASE,,,,,,"[""https://s3.amazonaws.com/media.usepepper.com/suppliers/cd7e83da-61a6-45c3-9a43-db0a83bd04fa/items/884828e2-fd2f-531d-9d10-f40befc1c750.jpg""]",,,,,,,Oils,,,,,,Ace Endico,,,Food
Canola Oil,"Brand: PACKER
CASE | 6 x 1 GAL
EACH | 1 x 1 GAL",,,712660,545e4d10-7679-4400-81e6-e66be027adff,EACH,,CASE,,,,,,"[""https://s3.amazonaws.com/media.usepepper.com/suppliers/cd7e83da-61a6-45c3-9a43-db0a83bd04fa/items/76329e86-5978-5b0f-b55c-944a51b26df1.jpg""]",,,,,,,Oils,,,,,,Ace Endico,,,Food
Canola Oil,"Brand: PACKER
CASE | 6 x 1 GAL
EACH | 1 x 1 GAL",,,712660,bd79c83d-7153-46f8-a855-4e2b544b5a4b,,,EACH,,,,,,"[""https://s3.amazonaws.com/media.usepepper.com/suppliers/cd7e83da-61a6-45c3-9a43-db0a83bd04fa/items/76329e86-5978-5b0f-b55c-944a51b26df1.jpg""]",,,,,,,Oils,,,,,,Ace Endico,,,Food
Canola oil Blended 50/50,"Brand: COLAVITA
EACH | 1 x 1 GL
CASE | 6 x 1 GL",,,563485,b497a54b-cc6c-4548-9bfb-a76ebaa16f99,EACH,,CASE,,39153500921,,,,"[""https://s3.amazonaws.com/media.usepepper.com/suppliers/cd7e83da-61a6-45c3-9a43-db0a83bd04fa/items/008e0e55-2928-51a3-a2c2-6f1144e0c053.jpg""]",,,,,,,Oils,,,,,,Ace Endico,,,Food
Canola oil Blended 50/50,"Brand: COLAVITA
EACH | 1 x 1 GL
CASE | 6 x 1 GL",,,563485,72d3598b-f1dc-4e49-8799-7d798f596fdb,,,EACH,,39153500921,,,,"[""https://s3.amazonaws.com/media.usepepper.com/suppliers/cd7e83da-61a6-45c3-9a43-db0a83bd04fa/items/008e0e55-2928-51a3-a2c2-6f1144e0c053.jpg""]",,,,,,,Oils,,,,,,Ace Endico,,,Food
Canola Oil Blended 75/25,"Brand: COLAVITA
EACH | 1 x 1 GAL
CASE | 6 x 1 GAL",,,563447,dcbfcfbd-4770-4424-8d06-8c7986adaf5e,EACH,,CASE,,39153500600,,,,"[""https://s3.amazonaws.com/media.usepepper.com/suppliers/cd7e83da-61a6-45c3-9a43-db0a83bd04fa/items/65ba9909-2655-5090-b84c-d078e3c07f34.jpg""]",,,,,,,Oils,,,,,,Ace Endico,,,Food
Canola Oil Blended 75/25,"Brand: COLAVITA
EACH | 1 x 1 GAL
CASE | 6 x 1 GAL",,,563447,149822a5-807b-47cb-a61a-c5a8b8e1d9d1,,,EACH,,39153500600,,,,"[""https://s3.amazonaws.com/media.usepepper.com/suppliers/cd7e83da-61a6-45c3-9a43-db0a83bd04fa/items/65ba9909-2655-5090-b84c-d078e3c07f34.jpg""]",,,,,,,Oils,,,,,,Ace Endico,,,Food
Canola Oil Blended Oil 90/10,"Brand: COLAVITA
EACH | 1 x 1 GL
CASE | 6 x 1 GL",,,563424,bcfd0950-4eed-49ab-bc78-0d7a4d453b18,EACH,,CASE,,39153500853,,,,"[""https://s3.amazonaws.com/media.usepepper.com/suppliers/cd7e83da-61a6-45c3-9a43-db0a83bd04fa/items/146f4864-bba2-5644-84f1-c8ea69f8ddac.jpg""]",,,,,,,Oils,,,,,,Ace Endico,,,Food
Canola Oil Blended Oil 90/10,"Brand: COLAVITA
EACH | 1 x 1 GL
CASE | 6 x 1 GL",,,563424,7b53296c-6f6a-4f55-bef9-7854393e6071,,,EACH,,39153500853,,,,"[""https://s3.amazonaws.com/media.usepepper.com/suppliers/cd7e83da-61a6-45c3-9a43-db0a83bd04fa/items/146f4864-bba2-5644-84f1-c8ea69f8ddac.jpg""]",,,,,,,Oils,,,,,,Ace Endico,,,Food
* Canola Spray Hi Yield,"Brand: PAM
EACH | 1 x 17 OZ
CASE | 6 x 17 OZ",,,718718,ddb5d2d5-b53e-477a-b6b6-8ce795005d1e,EACH,,CASE,,1.00641E+13,,,,"[""https://s3.amazonaws.com/media.usepepper.com/suppliers/cd7e83da-61a6-45c3-9a43-db0a83bd04fa/items/034f18f7-a720-5479-8cff-fa8ac628619f.jpg""]",,,,,,,Oils,,,,,,Ace Endico,,,Food
* Canola Spray Hi Yield,"Brand: PAM
EACH | 1 x 17 OZ
CASE | 6 x 17 OZ",,,718718,591c931a-fe08-4375-affb-e08905616c24,,,EACH,,1.00641E+13,,,,"[""https://s3.amazonaws.com/media.usepepper.com/suppliers/cd7e83da-61a6-45c3-9a43-db0a83bd04fa/items/034f18f7-a720-5479-8cff-fa8ac628619f.jpg""]",,,,,,,Oils,,,,,,Ace Endico,,,Food
Chili Pepper Infused Olive Oil,"Brand: DELIZIE DI
CASE | 12 x 3.38 FL OZ
EACH | 1 x 3.38 FL OZ",,,765664,bc1114d4-51fb-4666-b8d8-daaba954e838,EACH,,CASE,,,,,,"[""https://s3.amazonaws.com/media.usepepper.com/suppliers/cd7e83da-61a6-45c3-9a43-db0a83bd04fa/items/e5b25a35-828a-59aa-855f-d7917e662839.jpg""]",,,,,,,Oils,,,,,,Ace Endico,,,Food
Chili Pepper Infused Olive Oil,"Brand: DELIZIE DI
CASE | 12 x 3.38 FL OZ
EACH | 1 x 3.38 FL OZ",,,765664,2278bb11-c845-49b8-aa24-e7ff6ff8f935,,,EACH,,,,,,"[""https://s3.amazonaws.com/media.usepepper.com/suppliers/cd7e83da-61a6-45c3-9a43-db0a83bd04fa/items/e5b25a35-828a-59aa-855f-d7917e662839.jpg""]",,,,,,,Oils,,,,,,Ace Endico,,,Food
Clear Liquid Soybean Oil Zero Trans Fat,"Brand: FRESH CHOICE
CASE | 1 x 35 LB",,,717968,e1242a0f-bbf5-4404-9f2f-b5a597afdd64,EACH,,CASE,,,,,,"[""https://s3.amazonaws.com/media.usepepper.com/suppliers/cd7e83da-61a6-45c3-9a43-db0a83bd04fa/items/a82de997-5e0a-5cc9-af38-1b3b87faa36a.jpg""]",,,,,,,Oils,,,,,,Ace Endico,,,Food
Corn Oil,"Brand: ACE ENDICO
CASE | 1 x 35 LB",,,713028,cf2bd837-2091-4570-82d0-1b25b7a299c7,EACH,,CASE,,,,,,"[""https://s3.amazonaws.com/media.usepepper.com/suppliers/cd7e83da-61a6-45c3-9a43-db0a83bd04fa/items/d64c5a30-e3cb-53b6-a23f-333463bffc82.jpg""]",,,,,,,Oils,,,,,,Ace Endico,,,Food
Corn Oil,"Brand: MAZOLA
EACH | 1 x 1 GL
CASE | 6 x 1 GL",,,713200,b56292b5-24b6-440b-9400-bb6054846662,EACH,,CASE,,1.07617E+13,,,,"[""https://s3.amazonaws.com/media.usepepper.com/suppliers/cd7e83da-61a6-45c3-9a43-db0a83bd04fa/items/559d49dc-bf7d-59e0-b0de-3711771eddb1.jpg""]",,,,,,,Oils,,,,,,Ace Endico,,,Food
Corn Oil,"Brand: GEM
CASE | 6 x 1 GL
EACH | 1 x 1 GL",,,713210,07414033-0c8b-4ad9-8f39-274169943fed,EACH,,CASE,,,,,,"[""https://s3.amazonaws.com/media.usepepper.com/suppliers/cd7e83da-61a6-45c3-9a43-db0a83bd04fa/items/ff734feb-8d54-5a03-ac9a-bfc4b28abd65.jpg""]",,,,,,,Oils,,,,,,Ace Endico,,,Food
Corn Oil,"Brand: MAZOLA
EACH | 1 x 1 GL
CASE | 6 x 1 GL",,,713200,82231074-97e0-4ea9-bf95-75d2932ce23f,,,EACH,,1.07617E+13,,,,"[""https://s3.amazonaws.com/media.usepepper.com/suppliers/cd7e83da-61a6-45c3-9a43-db0a83bd04fa/items/559d49dc-bf7d-59e0-b0de-3711771eddb1.jpg""]",,,,,,,Oils,,,,,,Ace Endico,,,Food
Corn Oil,"Brand: GEM
CASE | 6 x 1 GL
EACH | 1 x 1 GL",,,713210,da28b5d0-e6b8-4231-a012-6e637e5ec9d9,,,EACH,,,,,,"[""https://s3.amazonaws.com/media.usepepper.com/suppliers/cd7e83da-61a6-45c3-9a43-db0a83bd04fa/items/ff734feb-8d54-5a03-ac9a-bfc4b28abd65.jpg""]",,,,,,,Oils,,,,,,Ace Endico,,,Food
Creamy Liquid Shortening,"Brand: FRESH CHOICE
CASE | 1 x 35 LB",,,722090,e9ab7ad5-e8e0-4b63-8c6b-7eda2094bbd5,EACH,,CASE,,,,,,"[""https://s3.amazonaws.com/media.usepepper.com/suppliers/cd7e83da-61a6-45c3-9a43-db0a83bd04fa/items/f230e4a6-8943-5d91-a935-e51fc1ada8a2.jpg""]",,,,,,,Oils,,,,,,Ace Endico,,,Food
Drizzle Squeeze Bottle Olive Oil,"Brand: GRAZA
CASE | 6 x 16.9 OZ",,,563341,e7720583-6c91-4e34-80cd-aea17989271a,EACH,,CASE,,,,,,,,,,,,,Oils,,,,,,Ace Endico,,,Food
Everyday Extra Virgin Olive Oil,"Brand: PARTANNA
CASE | 4 x 750 ML",,,415934,171ec03b-cf01-40cb-9291-a3c8f0de9a76,EACH,,CASE,,,,,,"[""https://s3.amazonaws.com/media.usepepper.com/suppliers/cd7e83da-61a6-45c3-9a43-db0a83bd04fa/items/49a2b87a-1da8-577b-aadd-0772b7201f93.jpg""]",,,,,,,Oils,,,,,,Ace Endico,,,Food
Everyday Extra Virgin Olive OIl,"Brand: PARTANNA
CASE | 6 x 16.9 OZ",,,527005,9e20401f-c040-4d3f-859c-d1515d8db403,EACH,,CASE,,,,,,,,,,,,,Oils,,,,,,Ace Endico,,,Food
"Extra Hot, Hot Crispy Oil","Brand: HOT CRISPY OIL
CASE | 12 x 6 OZ JAR
EACH | 1 x 6 OZ JAR",,,765666,9097c6f3-b954-4cb0-9b83-669b2c652ad2,EACH,,CASE,,,,,,"[""https://s3.amazonaws.com/media.usepepper.com/suppliers/cd7e83da-61a6-45c3-9a43-db0a83bd04fa/items/c4597e58-82eb-527b-b963-4695c9302e00.jpg""]",,,,,,,Oils,,,,,,Ace Endico,,,Food
"Extra Hot, Hot Crispy Oil","Brand: HOT CRISPY OIL
CASE | 12 x 6 OZ JAR
EACH | 1 x 6 OZ JAR",,,765666,c6550f8f-fc98-4d96-bd13-e39dd1152ac6,,,EACH,,,,,,"[""https://s3.amazonaws.com/media.usepepper.com/suppliers/cd7e83da-61a6-45c3-9a43-db0a83bd04fa/items/c4597e58-82eb-527b-b963-4695c9302e00.jpg""]",,,,,,,Oils,,,,,,Ace Endico,,,Food
Extra Virgin olive Oil,"Brand: LUGLIO
CASE | 12 x 1 LT",,,303398,ba65aec3-9a73-483a-aca8-72b6a374d402,EACH,,CASE,,,,,,,,,,,,,Oils,,,,,,Ace Endico,,,Food
Extra Virgin Olive Oil,"Brand: PIETRA ANTICA
CASE | 4 x 3 LT",,,303400,acd82b2d-3b9d-434a-ad3f-d529892322ce,EACH,,CASE,,,,,,"[""https://s3.amazonaws.com/media.usepepper.com/suppliers/cd7e83da-61a6-45c3-9a43-db0a83bd04fa/items/c25b503e-44c8-54fe-90df-35afe1b175a4.jpg""]",,,,,,,Oils,,,,,,Ace Endico,,,Food
Extra Virgin Olive Oil,"Brand: ANTICHI PODERI
CASE | 4 x 3 LT",,,447510,d9a30c96-ec40-4199-99e3-48ea9472c6db,EACH,,CASE,,,,,,"[""https://s3.amazonaws.com/media.usepepper.com/suppliers/cd7e83da-61a6-45c3-9a43-db0a83bd04fa/items/5b228a4d-537c-5d47-9021-54ef03663c35.jpg""]",,,,,,,Oils,,,,,,Ace Endico,,,Food
Extra Virgin Olive Oil,"Brand: INDIGO
CASE | 4 x 3 LT
EACH | 1 x 3 LT",,,527010,41f95a55-33ac-49c6-9c7c-5680bbd2d62e,EACH,,CASE,,,,,,"[""https://s3.amazonaws.com/media.usepepper.com/suppliers/cd7e83da-61a6-45c3-9a43-db0a83bd04fa/items/0d2ea72c-6572-5a14-bb2c-10f30f0a2ce7.jpg""]",,,,,,,Oils,,,,,,Ace Endico,,,Food
Extra Virgin Olive Oil,"Brand: RISCOSSA
CASE | 4 x 3 LT
EACH | 1 x 3 LT",,,559456,e07c7a72-e8a9-428a-9336-36445fb135d4,EACH,,CASE,,,,,,"[""https://s3.amazonaws.com/media.usepepper.com/suppliers/cd7e83da-61a6-45c3-9a43-db0a83bd04fa/items/d05ff019-d002-5ad9-872d-cb66873b6f42.jpg""]",,,,,,,Oils,,,,,,Ace Endico,,,Food
Extra Virgin Olive Oil,"Brand: LA FEDE
CASE | 4 x 3 LT",,,559568,57605083-b09c-43e1-8a31-da176be2ac60,EACH,,CASE,,,,,,"[""https://s3.amazonaws.com/media.usepepper.com/suppliers/cd7e83da-61a6-45c3-9a43-db0a83bd04fa/items/d2c05590-9ab7-5ce0-b23c-5c6553467481.jpg""]",,,,,,,Oils,,,,,,Ace Endico,,,Food
Extra Virgin Olive Oil,"Brand: LIVOTI'S
CASE | 12 x 750 ML",,,563038,692794b1-05ac-433b-b425-5b67c1fc56db,EACH,,CASE,,,,,,,,,,,,,Oils,,,,,,Ace Endico,,,Food
Extra Virgin Olive Oil,"Brand: LA FEDE
EACH | 1 x 33.8 OZ
CASE | 12 x 33.8 OZ",,,563116,488080bc-cbd1-41bb-a927-bbcd4ba4da10,EACH,,CASE,,,,,,"[""https://s3.amazonaws.com/media.usepepper.com/suppliers/cd7e83da-61a6-45c3-9a43-db0a83bd04fa/items/52a7a126-ea90-5f65-ab81-d32df2915959.jpg""]",,,,,,,Oils,,,,,,Ace Endico,,,Food
Extra Virgin Olive Oil,"Brand: COLAVITA
CASE | 12 x 8.8 OZ 250 ML",,,563157,75eb74e7-edba-49c0-8cf2-86b0ef967938,EACH,,CASE,,1.00392E+13,,,,"[""https://s3.amazonaws.com/media.usepepper.com/suppliers/cd7e83da-61a6-45c3-9a43-db0a83bd04fa/items/bca29911-1900-511e-b033-4e030c9c5482.jpg""]",,,,,,,Oils,,,,,,Ace Endico,,,Food
Extra Virgin Olive Oil,"Brand: LA FEDE
EACH | 1 x 16.9 OZ
CASE | 12 x 16.9 OZ",,,563217,cd6608ff-fc68-477a-9028-62d02a08b9f7,EACH,,CASE,,,,,,"[""https://s3.amazonaws.com/media.usepepper.com/suppliers/cd7e83da-61a6-45c3-9a43-db0a83bd04fa/items/2e109472-ccad-5f6c-b2c1-ac4d258e4fff.jpg""]",,,,,,,Oils,,,,,,Ace Endico,,,Food
Extra Virgin Olive Oil,"Brand: SERAFINA
CASE | 6 x 16.9 OZ (500ML)",,,563340,bcff20dd-1b6d-49b3-a46c-a15573c26572,EACH,,CASE,,8.03293E+12,,,,,,,,,,,Oils,,,,,,Ace Endico,,,Food
Extra Virgin Olive Oil,"Brand: SAN GIULIANO
CASE | 6 x 1 LT",,,563492,48a8b6ad-110f-41ea-9453-426db5483789,EACH,,CASE,,,,,,"[""https://s3.amazonaws.com/media.usepepper.com/suppliers/cd7e83da-61a6-45c3-9a43-db0a83bd04fa/items/056d0c8a-826e-507e-8298-4b138292f78c.jpg""]",,,,,,,Oils,,,,,,Ace Endico,,,Food
Extra Virgin Olive Oil,"Brand: SAN GIULIANO
CASE | 6 x 16.9 OZ
EACH | 1 x 16.9 OZ",,,563494,66361156-6e38-4d81-bcdc-c6fe16a5f2e9,EACH,,CASE,,,,,,"[""https://s3.amazonaws.com/media.usepepper.com/suppliers/cd7e83da-61a6-45c3-9a43-db0a83bd04fa/items/5209c717-437e-5600-a503-1b75b7c26e8e.jpg""]",,,,,,,Oils,,,,,,Ace Endico,,,Food
Extra Virgin Olive Oil,"Brand: SAN GIULIANO
CASE | 6 x 25 OZ
EACH | 1 x 25 OZ",,,563571,a14f0ceb-24db-4652-a3a1-b3b6b078d9b4,EACH,,CASE,,,,,,"[""https://s3.amazonaws.com/media.usepepper.com/suppliers/cd7e83da-61a6-45c3-9a43-db0a83bd04fa/items/da708223-61ae-59e9-a221-3fb16669baad.jpg""]",,,,,,,Oils,,,,,,Ace Endico,,,Food
Extra Virgin Olive Oil,"Brand: SAN GIULIANO
CASE | 4 x 3 LT TIN",,,563584,95287641-7b64-449a-8ad0-e503cee66af9,EACH,,CASE,,,,,,"[""https://s3.amazonaws.com/media.usepepper.com/suppliers/cd7e83da-61a6-45c3-9a43-db0a83bd04fa/items/2b645aab-8e66-5845-9646-e51ea966374d.jpg""]",,,,,,,Oils,,,,,,Ace Endico,,,Food
Extra Virgin Olive Oil,"Brand: FRANTOIA
CASE | 4 x 3 LT
EACH | 1 x 3 LT",,,714874,2bfa3516-f551-4541-9347-4256e52ad94d,EACH,,CASE,,,,,,"[""https://s3.amazonaws.com/media.usepepper.com/suppliers/cd7e83da-61a6-45c3-9a43-db0a83bd04fa/items/bd1d12ba-9cbb-5ecb-a483-06e2064c7a2e.jpg""]",,,,,,,Oils,,,,,,Ace Endico,,,Food
Extra Virgin Olive Oil,"Brand: INDIGO
CASE | 4 x 3 LT
EACH | 1 x 3 LT",,,527010,ccbef7bd-c03d-4551-bf83-f00a6adb882b,,,EACH,,,,,,"[""https://s3.amazonaws.com/media.usepepper.com/suppliers/cd7e83da-61a6-45c3-9a43-db0a83bd04fa/items/0d2ea72c-6572-5a14-bb2c-10f30f0a2ce7.jpg""]",,,,,,,Oils,,,,,,Ace Endico,,,Food
Extra Virgin Olive Oil,"Brand: RISCOSSA
CASE | 4 x 3 LT
EACH | 1 x 3 LT",,,559456,c3c15029-6ec8-4710-a840-d02c888ba865,,,EACH,,,,,,"[""https://s3.amazonaws.com/media.usepepper.com/suppliers/cd7e83da-61a6-45c3-9a43-db0a83bd04fa/items/d05ff019-d002-5ad9-872d-cb66873b6f42.jpg""]",,,,,,,Oils,,,,,,Ace Endico,,,Food
Extra Virgin Olive Oil,"Brand: LA FEDE
EACH | 1 x 33.8 OZ
CASE | 12 x 33.8 OZ",,,563116,42ad255a-e18c-4566-8847-f5da11745aaa,,,EACH,,,,,,"[""https://s3.amazonaws.com/media.usepepper.com/suppliers/cd7e83da-61a6-45c3-9a43-db0a83bd04fa/items/52a7a126-ea90-5f65-ab81-d32df2915959.jpg""]",,,,,,,Oils,,,,,,Ace Endico,,,Food
Extra Virgin Olive Oil,"Brand: LA FEDE
EACH | 1 x 16.9 OZ
CASE | 12 x 16.9 OZ",,,563217,ed2bb2bd-b7ad-4579-bc1a-66529aa45e4b,,,EACH,,,,,,"[""https://s3.amazonaws.com/media.usepepper.com/suppliers/cd7e83da-61a6-45c3-9a43-db0a83bd04fa/items/2e109472-ccad-5f6c-b2c1-ac4d258e4fff.jpg""]",,,,,,,Oils,,,,,,Ace Endico,,,Food
Extra Virgin Olive Oil,"Brand: SAN GIULIANO
CASE | 6 x 16.9 OZ
EACH | 1 x 16.9 OZ",,,563494,3f7f9a4e-a333-46d0-8dfd-5ab10a143189,,,EACH,,,,,,"[""https://s3.amazonaws.com/media.usepepper.com/suppliers/cd7e83da-61a6-45c3-9a43-db0a83bd04fa/items/5209c717-437e-5600-a503-1b75b7c26e8e.jpg""]",,,,,,,Oils,,,,,,Ace Endico,,,Food
Extra Virgin Olive Oil,"Brand: SAN GIULIANO
CASE | 6 x 25 OZ
EACH | 1 x 25 OZ",,,563571,66ce353e-2278-4f52-a3cc-3c973cf0d1df,,,EACH,,,,,,"[""https://s3.amazonaws.com/media.usepepper.com/suppliers/cd7e83da-61a6-45c3-9a43-db0a83bd04fa/items/da708223-61ae-59e9-a221-3fb16669baad.jpg""]",,,,,,,Oils,,,,,,Ace Endico,,,Food
Extra Virgin Olive Oil,"Brand: FRANTOIA
CASE | 4 x 3 LT
EACH | 1 x 3 LT",,,714874,34a9b9cb-766a-4894-8cb2-0a6152e67140,,,EACH,,,,,,"[""https://s3.amazonaws.com/media.usepepper.com/suppliers/cd7e83da-61a6-45c3-9a43-db0a83bd04fa/items/bd1d12ba-9cbb-5ecb-a483-06e2064c7a2e.jpg""]",,,,,,,Oils,,,,,,Ace Endico,,,Food
Extra Virgin Olive Oil Decanter,"Brand: COLAVITA
CASE | 12 x 8.8 OZ 250 ML",,,563168,87da7f95-35a1-4b83-a986-5b6de4ae40e7,EACH,,CASE,,39153100190,,,,"[""https://s3.amazonaws.com/media.usepepper.com/suppliers/cd7e83da-61a6-45c3-9a43-db0a83bd04fa/items/50e95920-e74a-5726-a71f-31fab4662fdc.jpg""]",,,,,,,Oils,,,,,,Ace Endico,,,Food
Extra Virgin OLive Oil Garlicolio,"Brand: COLAVITA
EACH | 1 x 8.5 OZ
CASE | 6 x 8.5 OZ",,,563388,a4eeb148-1dcf-475a-9aee-055fc0dad0fe,EACH,,CASE,,39153100503,,,,"[""https://s3.amazonaws.com/media.usepepper.com/suppliers/cd7e83da-61a6-45c3-9a43-db0a83bd04fa/items/15bc7ea3-01c9-546a-adb8-2011edac38bc.jpg""]",,,,,,,Oils,,,,,,Ace Endico,,,Food
Extra Virgin OLive Oil Garlicolio,"Brand: COLAVITA
EACH | 1 x 8.5 OZ
CASE | 6 x 8.5 OZ",,,563388,2d1044b3-035d-4505-a5d1-1c17d5179e28,,,EACH,,39153100503,,,,"[""https://s3.amazonaws.com/media.usepepper.com/suppliers/cd7e83da-61a6-45c3-9a43-db0a83bd04fa/items/15bc7ea3-01c9-546a-adb8-2011edac38bc.jpg""]",,,,,,,Oils,,,,,,Ace Endico,,,Food
Extra Virgin Olive Oil Greek,"Brand: COLAVITA
CASE | 6 x 25.5 OZ",,,562984,704b67be-c3da-40fb-bd98-92bffd514929,EACH,,CASE,,39153100862,,,,"[""https://s3.amazonaws.com/media.usepepper.com/suppliers/cd7e83da-61a6-45c3-9a43-db0a83bd04fa/items/42db8e7b-ad11-5bbb-b6a3-9dbe30448bb7.jpg""]",,,,,,,Oils,,,,,,Ace Endico,,,Food
Extra Virgin Olive Oil Mediterranean,"Brand: COLAVITA
CASE | 6 x 25.5 OZ 750 ML",,,563094,d1d38894-8235-46a0-b005-61d7e28a7823,EACH,,CASE,,1.00392E+13,,,,"[""https://s3.amazonaws.com/media.usepepper.com/suppliers/cd7e83da-61a6-45c3-9a43-db0a83bd04fa/items/d7fcf76a-e90d-5f4b-87cf-4b838e6a3f29.jpg""]",,,,,,,Oils,,,,,,Ace Endico,,,Food
Extra Virgin Olive Oil Organic,"Brand: COLAVITA
CASE | 6 x 17 OZ",,,563178,a71a2cb8-64ef-4d2e-b25d-b74bb474eb13,EACH,,CASE,,39153100404,,,,"[""https://s3.amazonaws.com/media.usepepper.com/suppliers/cd7e83da-61a6-45c3-9a43-db0a83bd04fa/items/c2978918-059b-5f1a-a526-815dd1de6a90.jpg""]",,,,,,,Oils,,,,,,Ace Endico,,,Food
Extra Virgin Olive Oil Organic,"Brand: BARBERA
CASE | 6 x 500 ML (16.9OZ)",,,714963,bb49c3a0-582f-4d64-95d3-0a03b76a101b,EACH,,CASE,,,,,,"[""https://s3.amazonaws.com/media.usepepper.com/suppliers/cd7e83da-61a6-45c3-9a43-db0a83bd04fa/items/954dd1f0-8935-4fd1-bb23-9cb6dcc2a1cf.png""]",,,,,,,Oils,,,,,,Ace Endico,,,Food
Extra Virgin Olive Oil Premium Italian,"Brand: COLAVITA
EACH | 1 x 3 LT TIN
CASE | 4 x 3 LT TIN",,,563265,fd6afb43-092d-4309-9309-2b6696bef633,EACH,,CASE,,39153011434,,,,"[""https://s3.amazonaws.com/media.usepepper.com/suppliers/cd7e83da-61a6-45c3-9a43-db0a83bd04fa/items/8323ae8e-231a-5f98-b997-ed8c29a7d071.jpg""]",,,,,,,Oils,,,,,,Ace Endico,,,Food
Extra Virgin Olive Oil Premium Italian,"Brand: COLAVITA
EACH | 1 x 3 LT TIN
CASE | 4 x 3 LT TIN",,,563265,704cc692-752c-4c9b-bd69-26808bc954e8,,,EACH,,39153011434,,,,"[""https://s3.amazonaws.com/media.usepepper.com/suppliers/cd7e83da-61a6-45c3-9a43-db0a83bd04fa/items/8323ae8e-231a-5f98-b997-ed8c29a7d071.jpg""]",,,,,,,Oils,,,,,,Ace Endico,,,Food
Extra Virgin Olive Oil Puglia,"Brand: SERAFINA
CASE | 9 x 500 ML",,,447514,c87ba861-7637-4efc-9854-8117a8f78127,EACH,,CASE,,,,,,,,,,,,,Oils,,,,,,Ace Endico,,,Food
Extra Virgin Olive Oil Tin,"Brand: PARTANNA
CASE | 12 x 1 LT",,,527008,57fe3e4a-54d8-4942-9b94-2a89c1c81bfd,EACH,,CASE,,,,,,"[""https://s3.amazonaws.com/media.usepepper.com/suppliers/cd7e83da-61a6-45c3-9a43-db0a83bd04fa/items/b6ad9009-44ac-41cc-99f0-c38b7d118295.png""]",,,,,,,Oils,,,,,,Ace Endico,,,Food
Extra Virgin Olive Oil Tin,"Brand: MADRE SICILIA
EACH | 1 x 3 LT
CASE | 4 x 3 LT",,,527017,72391d7c-706f-4227-b075-3b1f3390771c,EACH,,CASE,,,,,,"[""https://s3.amazonaws.com/media.usepepper.com/suppliers/cd7e83da-61a6-45c3-9a43-db0a83bd04fa/items/a9caa3ef-6b23-51f9-a9b9-173516da7c62.jpg""]",,,,,,,Oils,,,,,,Ace Endico,,,Food
Extra Virgin Olive Oil Tin,"Brand: MADRE SICILIA
EACH | 1 x 3 LT
CASE | 4 x 3 LT",,,527017,727769a7-ac52-4b63-a261-1762deac2f7b,,,EACH,,,,,,"[""https://s3.amazonaws.com/media.usepepper.com/suppliers/cd7e83da-61a6-45c3-9a43-db0a83bd04fa/items/a9caa3ef-6b23-51f9-a9b9-173516da7c62.jpg""]",,,,,,,Oils,,,,,,Ace Endico,,,Food
Extra Virgin Olive Oil Villa Barbera,"Brand: BARBERA
CASE | 6 x 500 ML (16.9OZ)",,,714964,83270bda-34f8-494e-8614-21a0a33cb871,EACH,,CASE,,,,,,"[""https://s3.amazonaws.com/media.usepepper.com/suppliers/cd7e83da-61a6-45c3-9a43-db0a83bd04fa/items/9a7f4a9b-860e-4ac7-afde-40328f546122.png""]",,,,,,,Oils,,,,,,Ace Endico,,,Food
Extra Virgin Olive oil with Orange,"Brand: PARTANNA
CASE | 6 x 250ML",,,712980,04799b9b-9884-4bd9-a353-b4bb8e3bf882,EACH,,CASE,,1.06563E+13,,,,"[""https://s3.amazonaws.com/media.usepepper.com/suppliers/cd7e83da-61a6-45c3-9a43-db0a83bd04fa/items/5b3c5ca9-2d01-4a1d-955c-1306d4368053.png""]",,,,,,,Oils,,,,,,Ace Endico,,,Food
Extra Virgin Organic Olive Oil,"Brand: FRANKIES
CASE | 6 x 500 ML",,,527026,7665691e-b50a-4eac-a7bd-ded5fad6d0ff,EACH,,CASE,,,,,,,,,,,,,Oils,,,,,,Ace Endico,,,Food
Extra Virgin Sicilian Olive Oil 6 Pack,"Brand: FRANTOIA
CASE | 6 x 500 ML",,,714730,92ea5f2f-be46-4d01-8bc2-bbdc088bc246,,,CASE,,,,,,,,,,,,,Oils,,,,,,Ace Endico,,,Food
Food Release All Purpose Spray,"Brand: VERSA ESSENTIA
CASE | 6 x 17 OZ",,,718732,ee21b8d1-2ac0-4b18-807b-3c6aba991b08,EACH,,CASE,,1.00187E+13,,,,"[""https://s3.amazonaws.com/media.usepepper.com/suppliers/cd7e83da-61a6-45c3-9a43-db0a83bd04fa/items/2a5272c2-1226-5b17-868a-d5d4eb2aaf6f.jpg""]",,,,,,,Oils,,,,,,Ace Endico,,,Food
Food Release Spray Non GMO,"Brand: VEGALENE
CASE | 6 x 17 OZ",,,718725,3a6173cc-9434-4d16-a0c1-1b9dcf7e9981,EACH,,CASE,,1.00804E+13,,,,"[""https://s3.amazonaws.com/media.usepepper.com/suppliers/cd7e83da-61a6-45c3-9a43-db0a83bd04fa/items/bfa9aa20-2a17-54a2-a3c3-78fb22cddddf.jpg""]",,,,,,,Oils,,,,,,Ace Endico,,,Food
Fruttato Extra Virgin Olive Oil,"Brand: SAN GIULIANO
CASE | 6 x 25 OZ",,,563589,6dbda233-c841-4865-b064-c23240dea394,EACH,,CASE,,,,,,"[""https://s3.amazonaws.com/media.usepepper.com/suppliers/cd7e83da-61a6-45c3-9a43-db0a83bd04fa/items/cce25e7b-6713-5f2c-8e61-820022a91461.jpg""]",,,,,,,Oils,,,,,,Ace Endico,,,Food
Frymax Deep Frying Shortening,"Brand: FRYMAX GOLD
CASE | 1 x 35 LB",,,712830,14aebaaa-9e5e-4aa0-a06d-4bd9a893b6bb,EACH,,CASE,,7.51884E+11,,,,"[""https://s3.amazonaws.com/media.usepepper.com/suppliers/cd7e83da-61a6-45c3-9a43-db0a83bd04fa/items/e241af82-fdbd-5247-8e62-94b153f91f31.jpg""]",,,,,,,Oils,,,,,,Ace Endico,,,Food
Garlic Butter Flavored Oil,"Brand: WHIRL
CASE | 3 x 1 GALLON",,,718738,899c3d94-2b59-4cd7-9408-f2d86105e3ad,EACH,,CASE,,1.07519E+13,,,,"[""https://s3.amazonaws.com/media.usepepper.com/suppliers/cd7e83da-61a6-45c3-9a43-db0a83bd04fa/items/65c9a8f1-8d84-4522-9392-40c22fb7f977.png""]",,,,,,,Oils,,,,,,Ace Endico,,,Food
Grapeseed Oil,"Brand: ROLAND
EACH | 1 x 5 LT
CASE | 2 x 5 LT",,,563788,fcf8423b-353c-4238-b3c9-35f71198c89c,EACH,,CASE,,1.00412E+13,,,,"[""https://s3.amazonaws.com/media.usepepper.com/suppliers/cd7e83da-61a6-45c3-9a43-db0a83bd04fa/items/c188e5ce-366c-5e01-bb79-4ca8c84cd882.jpg""]",,,,,,,Oils,,,,,,Ace Endico,,,Food
Grapeseed Oil,"Brand: ROLAND
EACH | 1 x 5 LT
CASE | 2 x 5 LT",,,563788,8ef63ff9-fe35-4aa5-98c7-4364285577f8,,,EACH,,1.00412E+13,,,,"[""https://s3.amazonaws.com/media.usepepper.com/suppliers/cd7e83da-61a6-45c3-9a43-db0a83bd04fa/items/c188e5ce-366c-5e01-bb79-4ca8c84cd882.jpg""]",,,,,,,Oils,,,,,,Ace Endico,,,Food
Grapeseed Oil 2 Liter,"Brand: BONELLI
CASE | 6 x 2 LT",,,564026,31115617-2a89-4156-a687-008b3c868b9e,EACH,,CASE,,,,,,,,,,,,,Oils,,,,,,Ace Endico,,,Food
Greek Exrta Virgin Olive Oil Litre,"Brand: ILIADA
CASE | 4 x 3 LT",,,559558,d9b2da0f-4356-4397-9ee2-df2acc952ede,EACH,,CASE,,,,,,,,,,,,,Oils,,,,,,Ace Endico,,,Food
Italian Extra Virgin Olive Oil,"Brand: RISCOSSA
CASE | 4 x 3 LT
EACH | 1 x 3 LT",,,563044,a2ee2017-b05e-4534-9d4a-ab5464a4a874,EACH,,CASE,,,,,,"[""https://s3.amazonaws.com/media.usepepper.com/suppliers/cd7e83da-61a6-45c3-9a43-db0a83bd04fa/items/2ad92dd1-2531-57e8-84b6-184f8f293e1e.jpg""]",,,,,,,Oils,,,,,,Ace Endico,,,Food
Italian Extra Virgin Olive Oil,"Brand: RISCOSSA
CASE | 12 x 1 LT",,,563332,643a367f-ec8b-48f7-8062-67867778dced,EACH,,CASE,,,,,,"[""https://s3.amazonaws.com/media.usepepper.com/suppliers/cd7e83da-61a6-45c3-9a43-db0a83bd04fa/items/6b68addb-8cfe-5dd6-a7d5-87c79fadf35c.jpg""]",,,,,,,Oils,,,,,,Ace Endico,,,Food
Italian Extra Virgin Olive Oil,"Brand: RISCOSSA
CASE | 4 x 3 LT
EACH | 1 x 3 LT",,,563044,3f45a44e-e5ff-4124-b911-06b6d5454c26,,,EACH,,,,,,"[""https://s3.amazonaws.com/media.usepepper.com/suppliers/cd7e83da-61a6-45c3-9a43-db0a83bd04fa/items/2ad92dd1-2531-57e8-84b6-184f8f293e1e.jpg""]",,,,,,,Oils,,,,,,Ace Endico,,,Food
Italian Frying Oil Frienn,"Brand: OLITALIA
CASE | 1 x 20 LT",,,720783,916e16bb-a650-43af-afe1-fef325d85721,EACH,,CASE,,,,,,"[""https://s3.amazonaws.com/media.usepepper.com/suppliers/cd7e83da-61a6-45c3-9a43-db0a83bd04fa/items/813bf5b9-2ed9-4521-9126-1989377c764d.jpeg""]",,,,,,,Oils,,,,,,Ace Endico,,,Food
Kalamata Extra Virgin Oil,"Brand: BOBORIS
CASE | 4 x 3 LTR TIN",,,716542,31290f8c-ba96-4716-b130-adf2300eb734,EACH,,CASE,,,,,,,,,,,,,Oils,,,,,,Ace Endico,,,Food
Limonolio Extra Virgin Olive Oil,"Brand: COLAVITA
EACH | 1 x 8.5 OZ
CASE | 6 x 8.5 OZ",,,563394,c0ee1b09-3aab-4cb8-8c4f-4d830ad2d6a5,EACH,,CASE,,39153100251,,,,"[""https://s3.amazonaws.com/media.usepepper.com/suppliers/cd7e83da-61a6-45c3-9a43-db0a83bd04fa/items/d297d365-87bf-518b-a909-0ce28150b4ec.jpg""]",,,,,,,Oils,,,,,,Ace Endico,,,Food
Limonolio Extra Virgin Olive Oil,"Brand: COLAVITA
EACH | 1 x 8.5 OZ
CASE | 6 x 8.5 OZ",,,563394,45a677f8-28ab-4daf-b61e-bd96c7830ca9,,,EACH,,39153100251,,,,"[""https://s3.amazonaws.com/media.usepepper.com/suppliers/cd7e83da-61a6-45c3-9a43-db0a83bd04fa/items/d297d365-87bf-518b-a909-0ce28150b4ec.jpg""]",,,,,,,Oils,,,,,,Ace Endico,,,Food
Liquid Canola Shortening,"Brand: FRESH CHOICE
CASE | 1 x 35LB",,,717956,e13df497-4aab-449e-a83b-2fba0c1867b7,EACH,,CASE,,,,,,"[""https://s3.amazonaws.com/media.usepepper.com/suppliers/cd7e83da-61a6-45c3-9a43-db0a83bd04fa/items/bc6fa1e0-dc85-592f-95f5-3de1d4f03f0e.jpg""]",,,,,,,Oils,,,,,,Ace Endico,,,Food
Liquid Melfry Shortening,"Brand: MELFRY FREE
CASE | 1 x 35 LB",,,720469,db2bd441-2fb2-4175-9aad-64cc13f4fb02,EACH,,CASE,,26700148774,,,,"[""https://s3.amazonaws.com/media.usepepper.com/suppliers/cd7e83da-61a6-45c3-9a43-db0a83bd04fa/items/f0128ac1-3e9c-4cfc-83ab-489e03d15cfe.png""]",,,,,,,Oils,,,,,,Ace Endico,,,Food
Liquid Shortening Creamy Profry,"Brand: PROFRY FREE
CASE | 1 x 35 LB",,,720758,7db96b8b-e641-4985-bc4d-5f2beff8fda7,EACH,,CASE,,,,,,"[""https://s3.amazonaws.com/media.usepepper.com/suppliers/cd7e83da-61a6-45c3-9a43-db0a83bd04fa/items/9cfb0a08-84a1-5a11-8bda-9d6ae06f5cc2.jpg""]",,,,,,,Oils,,,,,,Ace Endico,,,Food
Mediterranean Extra Virgin Olive Oil,"Brand: COLAVITA
CASE | 4 x 3 LT TIN
EACH | 1 x 3 LT TIN",,,563089,8d517a09-4437-4d02-abf9-ad37c1928dae,EACH,,CASE,,,,,,"[""https://s3.amazonaws.com/media.usepepper.com/suppliers/cd7e83da-61a6-45c3-9a43-db0a83bd04fa/items/c3915c45-1188-56f5-89dd-6f68af25ad41.jpg""]",,,,,,,Oils,,,,,,Ace Endico,,,Food
Mediterranean Extra Virgin Olive Oil,"Brand: COLAVITA
CASE | 4 x 3 LT TIN
EACH | 1 x 3 LT TIN",,,563089,e492fd56-d29c-47be-8d8c-3cd4fd33ce4c,,,EACH,,,,,,"[""https://s3.amazonaws.com/media.usepepper.com/suppliers/cd7e83da-61a6-45c3-9a43-db0a83bd04fa/items/c3915c45-1188-56f5-89dd-6f68af25ad41.jpg""]",,,,,,,Oils,,,,,,Ace Endico,,,Food
Move Over Butter Liquid Shortening,"Brand: WESSON
CASE | 3 x 1 GL",,,716086,7fd8209d-f29e-49b4-99df-5e7867b0ca81,EACH,,CASE,,1.0027E+13,,,,"[""https://s3.amazonaws.com/media.usepepper.com/suppliers/cd7e83da-61a6-45c3-9a43-db0a83bd04fa/items/0e00a0f2-877d-57d1-93fe-d5cd845b3ad2.jpg""]",,,,,,,Oils,,,,,,Ace Endico,,,Food
Non GMO Sunflower Oil,"Brand: HEALTHY BRAND
CASE | 1 x 1/5 GAL",,,720474,db856d89-49a3-4646-9598-dbf30d81a440,EACH,,CASE,,,,,,,,,,,,,Oils,,,,,,Ace Endico,,,Food
Oil Spray Premium Selection Extra Virgen,"Brand: COLAVITA
CASE | 6 x 5 OZ",,,563135,6f3f54b5-0d54-430a-b464-10113384f3d9,EACH,,CASE,,1.00392E+13,,,,"[""https://s3.amazonaws.com/media.usepepper.com/suppliers/cd7e83da-61a6-45c3-9a43-db0a83bd04fa/items/819dd9c9-0746-480e-a28d-09721f9c1353.jpeg""]",,,,,,,Oils,,,,,,Ace Endico,,,Food
Olive Oil Evoo Cold Press,"Brand: SOLON
CASE | 8 x 2 LT
EACH | 1 x 2 LT",,,559569,5a464d34-a4b0-4f97-86cf-b5a974b85a84,EACH,,CASE,,,,,,,,,,,,,Oils,,,,,,Ace Endico,,,Food
Olive Oil Evoo Cold Press,"Brand: SOLON
CASE | 8 x 2 LT
EACH | 1 x 2 LT",,,559569,117e3a04-db2e-48e4-a889-faab4e25716a,,,EACH,,,,,,,,,,,,,Oils,,,,,,Ace Endico,,,Food
Olive Oil Plastic Jug,"Brand: COLAVITA
CASE | 4 x 1 GL",,,713973,c6ed8267-a7ab-459e-afa0-9ccf3dc49c13,EACH,,CASE,,39153500709,,,,"[""https://s3.amazonaws.com/media.usepepper.com/suppliers/cd7e83da-61a6-45c3-9a43-db0a83bd04fa/items/b4e19ce9-6821-47b0-8935-409f4841b09e.png""]",,,,,,,Oils,,,,,,Ace Endico,,,Food
Olive Oil Pure 100%,"Brand: COLAVITA
CASE | 12 x 16.9 OZ",,,563344,f79a5e32-9b6a-4a84-822e-9ac27bac8628,EACH,,CASE,,39153010062,,,,"[""https://s3.amazonaws.com/media.usepepper.com/suppliers/cd7e83da-61a6-45c3-9a43-db0a83bd04fa/items/0f722e27-bd5b-59a2-bda4-3391129c86c1.jpg""]",,,,,,,Oils,,,,,,Ace Endico,,,Food
Organic 100% Virgin Coconut Oil,"Brand: LA TOURANGELLE
EACH | 1 x 1 GL
CASE | 4 x 1 GL",,,714954,83ada5ca-18f3-4e01-bb83-207cb15cb75b,EACH,,CASE,,,,,,"[""https://s3.amazonaws.com/media.usepepper.com/suppliers/cd7e83da-61a6-45c3-9a43-db0a83bd04fa/items/66e1227d-8a79-447d-9017-8b529640a9b5.xsl""]",,,,,,,Oils,,,,,,Ace Endico,,,Food
Organic 100% Virgin Coconut Oil,"Brand: LA TOURANGELLE
EACH | 1 x 1 GL
CASE | 4 x 1 GL",,,714954,a28b8cf2-9c0c-4630-981a-0eab80078275,,,EACH,,,,,,,,,,,,,Oils,,,,,,Ace Endico,,,Food
Organic DOP Extra Virgin Olive Oil #1,"Brand: LORENZO
CASE | 6 x 500 ML
EACH | 1 x 500 ML",,,714892,ba9d217e-6ee5-415c-8fb8-9014a8d39dd3,EACH,,CASE,,8.94306E+11,,,,"[""https://s3.amazonaws.com/media.usepepper.com/suppliers/cd7e83da-61a6-45c3-9a43-db0a83bd04fa/items/b6661a7d-e827-5901-8d07-ddfeea355215.jpg""]",,,,,,,Oils,,,,,,Ace Endico,,,Food
Organic DOP Extra Virgin Olive Oil #1,"Brand: LORENZO
CASE | 6 x 500 ML
EACH | 1 x 500 ML",,,714892,e230f8d3-04cb-4b53-af23-2dd70f554b09,,,EACH,,8.94306E+11,,,,"[""https://s3.amazonaws.com/media.usepepper.com/suppliers/cd7e83da-61a6-45c3-9a43-db0a83bd04fa/items/b6661a7d-e827-5901-8d07-ddfeea355215.jpg""]",,,,,,,Oils,,,,,,Ace Endico,,,Food
Organic DOP Extra Virgin Olive Oil #3,"Brand: LORENZO
EACH | 1 x 500 ML
CASE | 6 x 500 ML",,,714901,e2a2e74f-1f7a-4417-975c-96d416af4334,EACH,,CASE,,8.00259E+12,,,,"[""https://s3.amazonaws.com/media.usepepper.com/suppliers/cd7e83da-61a6-45c3-9a43-db0a83bd04fa/items/b20a516d-208d-5a47-aebf-80257cef9b29.jpg""]",,,,,,,Oils,,,,,,Ace Endico,,,Food
Organic DOP Extra Virgin Olive Oil #3,"Brand: LORENZO
EACH | 1 x 500 ML
CASE | 6 x 500 ML",,,714901,5e800574-fa34-467a-988b-f053128ae1ed,,,EACH,,8.00259E+12,,,,"[""https://s3.amazonaws.com/media.usepepper.com/suppliers/cd7e83da-61a6-45c3-9a43-db0a83bd04fa/items/b20a516d-208d-5a47-aebf-80257cef9b29.jpg""]",,,,,,,Oils,,,,,,Ace Endico,,,Food
Organic DOP Extra Virgin Olive Oil #5,"Brand: LORENZO
CASE | 6 x 500 ML
EACH | 1 x 500 ML",,,714910,e708caca-3b13-4735-ab6a-361f4d9f16a9,EACH,,CASE,,8.00259E+12,,,,"[""https://s3.amazonaws.com/media.usepepper.com/suppliers/cd7e83da-61a6-45c3-9a43-db0a83bd04fa/items/577e5c15-ef4b-52af-b959-b6378374b31f.jpg""]",,,,,,,Oils,,,,,,Ace Endico,,,Food
Organic DOP Extra Virgin Olive Oil #5,"Brand: LORENZO
CASE | 6 x 500 ML
EACH | 1 x 500 ML",,,714910,26fff9a7-b20e-45a6-8e78-421fc81abf31,,,EACH,,8.00259E+12,,,,"[""https://s3.amazonaws.com/media.usepepper.com/suppliers/cd7e83da-61a6-45c3-9a43-db0a83bd04fa/items/577e5c15-ef4b-52af-b959-b6378374b31f.jpg""]",,,,,,,Oils,,,,,,Ace Endico,,,Food
Organic Evoo Olive Oil,"Brand: FRANKIES
CASE | 6 x 1 LT",,,527025,895ed77c-aadc-4fbf-8f83-c015ea99911a,EACH,,CASE,,,,,,"[""https://s3.amazonaws.com/media.usepepper.com/suppliers/cd7e83da-61a6-45c3-9a43-db0a83bd04fa/items/83bd039f-78b9-412d-b712-0ed201656e7f.jpeg""]",,,,,,,Oils,,,,,,Ace Endico,,,Food
Organic Extra Virgin Olive Oil,"Brand: DA GIOVANNI
CASE | 6 x 500 ML",,,562995,42fc378f-0c4b-4245-ac88-6ee385e55d8d,EACH,,CASE,,,,,,"[""https://s3.amazonaws.com/media.usepepper.com/suppliers/cd7e83da-61a6-45c3-9a43-db0a83bd04fa/items/276ae316-9b42-46d3-a4bf-357af8ce208d.png""]",,,,,,,Oils,,,,,,Ace Endico,,,Food
Organic Extra Virgin Olive Oil,"Brand: ASARO
CASE | 2 x 5 LT",,,563033,15d3e440-bace-4d13-be18-47eb2895f778,EACH,,CASE,,,,,,"[""https://s3.amazonaws.com/media.usepepper.com/suppliers/cd7e83da-61a6-45c3-9a43-db0a83bd04fa/items/d2ea12d4-a8fa-5a81-93e4-6874fdf578dc.jpg""]",,,,,,,Oils,,,,,,Ace Endico,,,Food
Organic Unfiltered Extra Virgin Olive Oil,"Brand: PAESANOL
CASE | 6 x 1 LT",,,526990,5cf19d48-aafe-42ef-b9a6-eb29357c36a2,EACH,,CASE,,1.06563E+13,,,,"[""https://s3.amazonaws.com/media.usepepper.com/suppliers/cd7e83da-61a6-45c3-9a43-db0a83bd04fa/items/404c3bc0-0c4e-5b42-86e6-c46a7f8fae87.jpg""]",,,,,,,Oils,,,,,,Ace Endico,,,Food
Original Hot Crispy Oil,"Brand: HOT CRISPY OIL
EACH | 1 x 6 OZ JAR
CASE | 12 x 6 OZ JAR",,,765665,d5517679-d01b-468c-80fa-51f50b27179d,EACH,,CASE,,,,,,"[""https://s3.amazonaws.com/media.usepepper.com/suppliers/cd7e83da-61a6-45c3-9a43-db0a83bd04fa/items/0b952224-2f9f-5591-9dcf-8e1a4490486a.jpg""]",,,,,,,Oils,,,,,,Ace Endico,,,Food
Original Hot Crispy Oil,"Brand: HOT CRISPY OIL
EACH | 1 x 6 OZ JAR
CASE | 12 x 6 OZ JAR",,,765665,a274742e-573b-4dea-8849-e2399bfe4f50,,,EACH,,,,,,"[""https://s3.amazonaws.com/media.usepepper.com/suppliers/cd7e83da-61a6-45c3-9a43-db0a83bd04fa/items/0b952224-2f9f-5591-9dcf-8e1a4490486a.jpg""]",,,,,,,Oils,,,,,,Ace Endico,,,Food
Peanut Oil,"Brand: EAST COAST
CASE | 1 x 35 LB",,,714920,84a8a246-0ec1-43de-a273-f587aee59864,EACH,,CASE,,,,,,"[""https://s3.amazonaws.com/media.usepepper.com/suppliers/cd7e83da-61a6-45c3-9a43-db0a83bd04fa/items/e5d71c01-73c6-5ea4-8bc4-d99bcfb7d515.jpg""]",,,,,,,Oils,,,,,,Ace Endico,,,Food
Pepperolio Pepper Extra Virgin Olive Oil,"Brand: COLAVITA
CASE | 6 x 8.5 OZ",,,714941,9ddb43eb-4190-4904-8d92-439728efdcb6,EACH,,CASE,,39153100145,,,,"[""https://s3.amazonaws.com/media.usepepper.com/suppliers/cd7e83da-61a6-45c3-9a43-db0a83bd04fa/items/f8ecea6a-0662-5c1d-a3a6-f798321c588e.jpg""]",,,,,,,Oils,,,,,,Ace Endico,,,Food
Pomace Oil Abruzzo,"Brand: BOBORIS
CASE | 4 x 1 GALLON",,,563034,0fcbbfd6-aaf1-4778-be5e-1a33977688dd,EACH,,CASE,,,,,,,,,,,,,Oils,,,,,,Ace Endico,,,Food
Pomace Olive Oil,"Brand: LUGLIO
EACH | 1 x 1 GL
CASE | 4 x 1 GL",,,562993,2ec16595-4cd1-4614-adb8-b0f5a7119b81,EACH,,CASE,,,,,,"[""https://s3.amazonaws.com/media.usepepper.com/suppliers/cd7e83da-61a6-45c3-9a43-db0a83bd04fa/items/dde9696e-df8d-5f63-9eda-fd2d7ff81d74.jpg""]",,,,,,,Oils,,,,,,Ace Endico,,,Food
Pomace Olive Oil,"Brand: INDIGO
CASE | 4 x 3 LT
EACH | 1 x 3 LT",,,563028,30abda1c-b79c-4f36-ba6c-46162d7374cf,EACH,,CASE,,,,,,"[""https://s3.amazonaws.com/media.usepepper.com/suppliers/cd7e83da-61a6-45c3-9a43-db0a83bd04fa/items/39990594-920f-5ce0-9355-a22aba74c9cd.jpg""]",,,,,,,Oils,,,,,,Ace Endico,,,Food
Pomace Olive Oil,"Brand: LUGLIO
EACH | 1 x 1 GL
CASE | 4 x 1 GL",,,562993,377076c6-2122-4537-86f9-8bad716abac4,,,EACH,,,,,,"[""https://s3.amazonaws.com/media.usepepper.com/suppliers/cd7e83da-61a6-45c3-9a43-db0a83bd04fa/items/dde9696e-df8d-5f63-9eda-fd2d7ff81d74.jpg""]",,,,,,,Oils,,,,,,Ace Endico,,,Food
Pomace Olive Oil,"Brand: INDIGO
CASE | 4 x 3 LT
EACH | 1 x 3 LT",,,563028,271aaf89-567a-461e-bcb2-e87b7fa0ea93,,,EACH,,,,,,,,,,,,,Oils,,,,,,Ace Endico,,,Food
Premium Gold Shortening,"Brand: FRESH CHOICE
CASE | 1 x 35 LB",,,715545,0c65e30f-be96-4e5c-aee7-e4de11704fec,EACH,,CASE,,,,,,"[""https://s3.amazonaws.com/media.usepepper.com/suppliers/cd7e83da-61a6-45c3-9a43-db0a83bd04fa/items/9040d90b-03a1-5171-a7da-d628f5aebeb4.jpg""]",,,,,,,Oils,,,,,,Ace Endico,,,Food
Premium Italian Extra Virgin Olive Oil,"Brand: COLAVITA
EACH | 1 x 25.5 OZ
CASE | 6 x 25.5 OZ",,,563272,a25de906-aea6-4708-9f7c-8245cf7026e7,EACH,,CASE,,,,,,"[""https://s3.amazonaws.com/media.usepepper.com/suppliers/cd7e83da-61a6-45c3-9a43-db0a83bd04fa/items/89e0de5f-4708-58ee-8356-d2713b34f6cf.jpg""]",,,,,,,Oils,,,,,,Ace Endico,,,Food
Premium Italian Extra Virgin Olive Oil,"Brand: COLAVITA
EACH | 1 x 25.5 OZ
CASE | 6 x 25.5 OZ",,,563272,79df43aa-1260-4452-9cef-60da6eeb6fc2,,,EACH,,,,,,"[""https://s3.amazonaws.com/media.usepepper.com/suppliers/cd7e83da-61a6-45c3-9a43-db0a83bd04fa/items/89e0de5f-4708-58ee-8356-d2713b34f6cf.jpg""]",,,,,,,Oils,,,,,,Ace Endico,,,Food
Premium Selection Extra Virgin Olive Oil,"Brand: COLAVITA
CASE | 4 x 3 LT TIN
EACH | 1 x 3LTR TIN",,,563079,f5daf7cf-b57d-4d70-94c9-37b2ce995e90,EACH,,CASE,,,,,,"[""https://s3.amazonaws.com/media.usepepper.com/suppliers/cd7e83da-61a6-45c3-9a43-db0a83bd04fa/items/239bb16b-8ddd-5a3e-adad-a967dbcc87e1.jpg""]",,,,,,,Oils,,,,,,Ace Endico,,,Food
Premium Selection Extra Virgin Olive Oil,"Brand: COLAVITA
CASE | 6 x 16.9 OZ",,,563133,ad990798-65f3-40da-8023-c139038a6287,EACH,,CASE,,1.00392E+13,,,,"[""https://s3.amazonaws.com/media.usepepper.com/suppliers/cd7e83da-61a6-45c3-9a43-db0a83bd04fa/items/3211ed11-87a5-5e9f-ae07-a2e3adcb6f43.jpg""]",,,,,,,Oils,,,,,,Ace Endico,,,Food
Premium Selection Extra Virgin Olive Oil,"Brand: COLAVITA
CASE | 6 x 25.5 OZ 750 ML",,,563239,59c92ea6-7077-4c78-a8fb-c2a8011dcb2d,EACH,,CASE,,,,,,"[""https://s3.amazonaws.com/media.usepepper.com/suppliers/cd7e83da-61a6-45c3-9a43-db0a83bd04fa/items/e4c5e44c-c749-5bf5-aedf-85de184b9826.jpg""]",,,,,,,Oils,,,,,,Ace Endico,,,Food
Premium Selection Extra Virgin Olive Oil,"Brand: COLAVITA
CASE | 6 x 1 LT",,,714390,5352f393-3f86-4553-a496-956ffa778f4a,EACH,,CASE,,,,,,"[""https://s3.amazonaws.com/media.usepepper.com/suppliers/cd7e83da-61a6-45c3-9a43-db0a83bd04fa/items/7be9b3c8-2790-5a33-bb5b-e6e47aff1731.jpg""]",,,,,,,Oils,,,,,,Ace Endico,,,Food
Premium Selection Extra Virgin Olive Oil,"Brand: COLAVITA
CASE | 4 x 3 LT TIN
EACH | 1 x 3LTR TIN",,,563079,8d8db707-57a3-4737-9e49-b57e144491d2,,,EACH,,,,,,"[""https://s3.amazonaws.com/media.usepepper.com/suppliers/cd7e83da-61a6-45c3-9a43-db0a83bd04fa/items/239bb16b-8ddd-5a3e-adad-a967dbcc87e1.jpg""]",,,,,,,Oils,,,,,,Ace Endico,,,Food
Prime Non-GMO Canola Oil,"Brand: HEALTHY BRAND
CASE | 1 x 35 LB",,,717990,35bd9055-b511-4c62-be1b-220c11c0ed45,EACH,,CASE,,,,,,"[""https://s3.amazonaws.com/media.usepepper.com/suppliers/cd7e83da-61a6-45c3-9a43-db0a83bd04fa/items/8e1cc5ba-e9db-55c2-aada-9d54fc5d0eda.jpg""]",,,,,,,Oils,,,,,,Ace Endico,,,Food
Pure Lemon Oil,"Brand: BOYAJIAN
CASE | 6 x 3.4 OZ",,,715251,2f375d82-0ae5-4be5-ae26-76b346950c38,EACH,,CASE,,,,,,"[""https://s3.amazonaws.com/media.usepepper.com/suppliers/cd7e83da-61a6-45c3-9a43-db0a83bd04fa/items/aa1b3b93-2737-5f24-b26d-74bf3d713286.jpg""]",,,,,,,Oils,,,,,,Ace Endico,,,Food
Pure Olive Oil,"Brand: LA FEDE
CASE | 12 x 33.8 OZ",,,563201,3d5ee58b-907a-4c3f-bc3b-64610db892b7,EACH,,CASE,,,,,,"[""https://s3.amazonaws.com/media.usepepper.com/suppliers/cd7e83da-61a6-45c3-9a43-db0a83bd04fa/items/e6288e41-d05f-5f03-b481-24adb8c38ec2.jpg""]",,,,,,,Oils,,,,,,Ace Endico,,,Food
Pure Olive Oil,"Brand: COLAVITA
CASE | 4 x 3 LT TIN",,,563305,d763bd2c-6a49-44ef-8189-255db459ce24,EACH,,CASE,,39153010048,,,,"[""https://s3.amazonaws.com/media.usepepper.com/suppliers/cd7e83da-61a6-45c3-9a43-db0a83bd04fa/items/5499f3ca-80ea-5646-accc-ee182c66f7bf.jpg""]",,,,,,,Oils,,,,,,Ace Endico,,,Food
Pure Olive Oil,"Brand: LA FEDE
CASE | 12 x 16.9 OZ",,,563579,d8128707-8d7b-435c-a4ab-bdaa0aac1c5c,EACH,,CASE,,,,,,"[""https://s3.amazonaws.com/media.usepepper.com/suppliers/cd7e83da-61a6-45c3-9a43-db0a83bd04fa/items/2f5a2ea2-8f33-5d47-96ff-bd0eed58070f.jpg""]",,,,,,,Oils,,,,,,Ace Endico,,,Food
Pure Olive Oil,"Brand: RISCOSSA
CASE | 4 x 1 GL TIN",,,713984,90a71bd2-b69f-431d-bea1-0962cb82da3c,EACH,,CASE,,,,,,"[""https://s3.amazonaws.com/media.usepepper.com/suppliers/cd7e83da-61a6-45c3-9a43-db0a83bd04fa/items/6edcb933-f844-54e8-a8a1-655e8d949eb2.jpg""]",,,,,,,Oils,,,,,,Ace Endico,,,Food
Pure Olive Oil 100%,"Brand: COLAVITA
CASE | 12 x 8.8 OZ",,,563357,6784e4d7-9d17-424a-90d1-2feb1a048cb0,EACH,,CASE,,39153100152,,,,"[""https://s3.amazonaws.com/media.usepepper.com/suppliers/cd7e83da-61a6-45c3-9a43-db0a83bd04fa/items/5a216b0e-73e4-526e-b2e8-d717b6ac2c5f.jpg""]",,,,,,,Oils,,,,,,Ace Endico,,,Food
Pure Olive Oil 100% Plastic,"Brand: COLAVITA
CASE | 6 x 25.5 OZ",,,563321,b83363d6-d275-47ca-b83b-9516cb8aa219,EACH,,CASE,,39153100961,,,,"[""https://s3.amazonaws.com/media.usepepper.com/suppliers/cd7e83da-61a6-45c3-9a43-db0a83bd04fa/items/88f9de20-352a-5a31-b4ac-f539503f196d.jpg""]",,,,,,,Oils,,,,,,Ace Endico,,,Food
Pure Olive Oil Bag-N-Box,"Brand: INDIGO
CASE | 1 x 10 LT",,,712910,947b6075-9f18-4888-81d9-270504d60707,EACH,,CASE,,,,,,"[""https://s3.amazonaws.com/media.usepepper.com/suppliers/cd7e83da-61a6-45c3-9a43-db0a83bd04fa/items/e5890a7a-8420-58f1-b3a7-81ed267d28e4.jpg""]",,,,,,,Oils,,,,,,Ace Endico,,,Food
Pure Orange Oil,"Brand: BOYAJIAN
CASE | 6 x 3.4 OZ",,,715250,02395234-2a4a-479e-84c1-b9b057465b64,EACH,,CASE,,,,,,"[""https://s3.amazonaws.com/media.usepepper.com/suppliers/cd7e83da-61a6-45c3-9a43-db0a83bd04fa/items/612e808f-d72c-5f17-acb9-b981255a5297.jpg""]",,,,,,,Oils,,,,,,Ace Endico,,,Food
Pure Sesame Oil,"Brand: KADOYA
CASE | 10 x 56 OZ TIN
EACH | 1 x 56 OZ TIN",,,715266,4bdb3915-e95d-4930-b54d-ca4919d0e2e9,EACH,,CASE,,,,,,"[""https://s3.amazonaws.com/media.usepepper.com/suppliers/cd7e83da-61a6-45c3-9a43-db0a83bd04fa/items/6a89e92d-0e9a-585c-9576-b970fbc6d416.jpg""]",,,,,,,Oils,,,,,,Ace Endico,,,Food
Pure Sesame Oil,"Brand: KADOYA
CASE | 10 x 56 OZ TIN
EACH | 1 x 56 OZ TIN",,,715266,29cbd3ef-06d4-4cd0-8c95-05689f90c672,,,EACH,,,,,,"[""https://s3.amazonaws.com/media.usepepper.com/suppliers/cd7e83da-61a6-45c3-9a43-db0a83bd04fa/items/6a89e92d-0e9a-585c-9576-b970fbc6d416.jpg""]",,,,,,,Oils,,,,,,Ace Endico,,,Food
* Pure Toasted Sesame Oil,"Brand: ROLAND
EACH | 1 x 1 GAL
CASE | 4 x 1 GAL",,,715240,d7b6c9a2-7399-4146-a1c5-18e86a604784,EACH,,CASE,,1.00412E+13,,,,"[""https://s3.amazonaws.com/media.usepepper.com/suppliers/cd7e83da-61a6-45c3-9a43-db0a83bd04fa/items/fa57ec90-fde6-503b-b40f-9d361e1909e4.jpg""]",,,,,,,Oils,,,,,,Ace Endico,,,Food
* Pure Toasted Sesame Oil,"Brand: ROLAND
EACH | 1 x 1 GAL
CASE | 4 x 1 GAL",,,715240,88f6edf7-5764-485d-8a29-011290de0dfc,,,EACH,,1.00412E+13,,,,"[""https://s3.amazonaws.com/media.usepepper.com/suppliers/cd7e83da-61a6-45c3-9a43-db0a83bd04fa/items/fa57ec90-fde6-503b-b40f-9d361e1909e4.jpg""]",,,,,,,Oils,,,,,,Ace Endico,,,Food
Roasted Hazelnut Oil,"Brand: LA TOURANGELLE
EACH | 1 x 16.9 OZ
CASE | 6 x 16.9 OZ",,,714935,68da2db0-811e-431b-a49f-70242a33985c,EACH,,CASE,,,,,,"[""https://s3.amazonaws.com/media.usepepper.com/suppliers/cd7e83da-61a6-45c3-9a43-db0a83bd04fa/items/86f7c1f9-19b8-557e-b8e9-7fb049efacbf.jpg""]",,,,,,,Oils,,,,,,Ace Endico,,,Food
Roasted Hazelnut Oil,"Brand: LA TOURANGELLE
EACH | 1 x 16.9 OZ
CASE | 6 x 16.9 OZ",,,714935,d837472f-40a0-4e38-a78c-fad6f99e4677,,,EACH,,,,,,"[""https://s3.amazonaws.com/media.usepepper.com/suppliers/cd7e83da-61a6-45c3-9a43-db0a83bd04fa/items/86f7c1f9-19b8-557e-b8e9-7fb049efacbf.jpg""]",,,,,,,Oils,,,,,,Ace Endico,,,Food
* Saute and Grill Spray,"Brand: PAM
EACH | 1 x 17 OZ
CASE | 6 x 17 OZ",,,718730,accf4a5e-e7b3-4000-8796-f05027ab0edb,EACH,,CASE,,1.00641E+13,,,,"[""https://s3.amazonaws.com/media.usepepper.com/suppliers/cd7e83da-61a6-45c3-9a43-db0a83bd04fa/items/1832612b-0314-5b30-a5ae-5a7b3ba263e8.jpg""]",,,,,,,Oils,,,,,,Ace Endico,,,Food
* Saute and Grill Spray,"Brand: PAM
EACH | 1 x 17 OZ
CASE | 6 x 17 OZ",,,718730,e2baaf6a-cda4-4b4f-a4d5-b069fcb51c8d,,,EACH,,1.00641E+13,,,,"[""https://s3.amazonaws.com/media.usepepper.com/suppliers/cd7e83da-61a6-45c3-9a43-db0a83bd04fa/items/1832612b-0314-5b30-a5ae-5a7b3ba263e8.jpg""]",,,,,,,Oils,,,,,,Ace Endico,,,Food
Shortening Frymax Supreme,"Brand: FRYMAX
CASE | 1 x 35 LB",,,712836,9d1bbedd-8cb1-4fde-8f7d-73edab7a3d26,EACH,,CASE,,7.51885E+11,,,,"[""https://s3.amazonaws.com/media.usepepper.com/suppliers/cd7e83da-61a6-45c3-9a43-db0a83bd04fa/items/b4cae420-cc7a-4111-981b-4e814456add7.jpeg""]",,,,,,,Oils,,,,,,Ace Endico,,,Food
Shortening Tubs,"Brand: CRISCO
CASE | 12 x 3 LB
EACH | 1 x 3 LB",,,721580,d76f1d13-d4a6-4411-934b-f5e64faace69,EACH,,CASE,,19600524234,,,,"[""https://s3.amazonaws.com/media.usepepper.com/suppliers/cd7e83da-61a6-45c3-9a43-db0a83bd04fa/items/f95205ac-b712-5694-9be7-d77ed11acb33.jpg""]",,,,,,,Oils,,,,,,Ace Endico,,,Food
Shortening Tubs,"Brand: CRISCO
CASE | 12 x 3 LB
EACH | 1 x 3 LB",,,721580,dde7050f-4c9b-4fe2-9b7d-73e2758a95d5,,,EACH,,19600524234,,,,"[""https://s3.amazonaws.com/media.usepepper.com/suppliers/cd7e83da-61a6-45c3-9a43-db0a83bd04fa/items/f95205ac-b712-5694-9be7-d77ed11acb33.jpg""]",,,,,,,Oils,,,,,,Ace Endico,,,Food
Sicilian Everyday Extra Virgin Olive Oil,"Brand: PARTANNA
CASE | 6 x 1 LT",,,714569,53d9e22d-2e42-4439-a8ec-2ad934b3a3fd,EACH,,CASE,,1.06563E+13,,,,"[""https://s3.amazonaws.com/media.usepepper.com/suppliers/cd7e83da-61a6-45c3-9a43-db0a83bd04fa/items/16ba7c52-9d26-544e-85ea-2c77d3630133.jpg""]",,,,,,,Oils,,,,,,Ace Endico,,,Food
Sicilian Extra Virgin Olive Oil,"Brand: PARTANNA
CASE | 4 x 3 LT
EACH | 1 x 3 LT",,,527004,5ebb494c-be4e-42d9-8d75-a077120dcfb1,EACH,,CASE,,1.06563E+13,,,,"[""https://s3.amazonaws.com/media.usepepper.com/suppliers/cd7e83da-61a6-45c3-9a43-db0a83bd04fa/items/e223d3bf-0894-5596-980c-b850638e78e9.jpg""]",,,,,,,Oils,,,,,,Ace Endico,,,Food
Sicilian Extra Virgin Olive Oil,"Brand: PARTANNA
CASE | 4 x 3 LT
EACH | 1 x 3 LT",,,527004,ebe67c7c-b88f-495a-912f-7933c052394a,,,EACH,,,,,,"[""https://s3.amazonaws.com/media.usepepper.com/suppliers/cd7e83da-61a6-45c3-9a43-db0a83bd04fa/items/e223d3bf-0894-5596-980c-b850638e78e9.jpg""]",,,,,,,Oils,,,,,,Ace Endico,,,Food
Sicilian Lemon Olive Oil,"Brand: ASARO
CASE | 6 x 250 ML
EACH | 1 x 250 ML",,,526926,0b0421b2-7d48-4d30-ad46-9220ae8fbbe8,EACH,,CASE,,1.06563E+13,,,,"[""https://s3.amazonaws.com/media.usepepper.com/suppliers/cd7e83da-61a6-45c3-9a43-db0a83bd04fa/items/d5f661be-07c3-588b-97ec-430402c0fc5b.jpg""]",,,,,,,Oils,,,,,,Ace Endico,,,Food
Sicilian Lemon Olive Oil,"Brand: ASARO
CASE | 6 x 250 ML
EACH | 1 x 250 ML",,,526926,b62999ee-4d59-4534-82b2-bd8646f14abb,,,EACH,,1.06563E+13,,,,"[""https://s3.amazonaws.com/media.usepepper.com/suppliers/cd7e83da-61a6-45c3-9a43-db0a83bd04fa/items/d5f661be-07c3-588b-97ec-430402c0fc5b.jpg""]",,,,,,,Oils,,,,,,Ace Endico,,,Food
Spicy Chili Oil,"Brand: PARTANNA
CASE | 12 x 16.9 OZ (500ml)
EACH | 1 x 16.9 oz (500ML)",,,527019,85dd023b-ef20-467f-9b72-40782d63225d,EACH,,CASE,,,,,,"[""https://s3.amazonaws.com/media.usepepper.com/suppliers/cd7e83da-61a6-45c3-9a43-db0a83bd04fa/items/30c87c89-a978-4f57-9084-ea8d9d65a823.png""]",,,,,,,Oils,,,,,,Ace Endico,,,Food
Spicy Chili Oil,"Brand: PARTANNA
CASE | 12 x 16.9 OZ (500ml)
EACH | 1 x 16.9 oz (500ML)",,,527019,2261274a-a88c-4101-b302-8f875fc1fb76,,,EACH,,,,,,,,,,,,,Oils,,,,,,Ace Endico,,,Food
Spicy Chili Onion Crisp Oil,"Brand: ROLAND
CASE | 12 x 7 OZ",,,713011,01a0d78a-efa8-451c-bda5-d973992c3cc9,EACH,,CASE,,,,,,"[""https://s3.amazonaws.com/media.usepepper.com/suppliers/cd7e83da-61a6-45c3-9a43-db0a83bd04fa/items/124729d5-045b-449b-81b3-59c8d7ef59b5.png""]",,,,,,,Oils,,,,,,Ace Endico,,,Food
Squeeze Bottle Sizzle Olive Oil,"Brand: GRAZA
CASE | 6 x 25.3 OZ",,,563342,ac94b11f-33e3-4914-a651-66523923c063,EACH,,CASE,,,,,,,,,,,,,Oils,,,,,,Ace Endico,,,Food
Unfiltered Extra Virgin Olive Oil,"Brand: PARTANNA
CASE | 4 x 750 ML GLASS",,,415935,ef696504-7e88-4fa7-996d-8eb09914f5e3,EACH,,CASE,,,,,,"[""https://s3.amazonaws.com/media.usepepper.com/suppliers/cd7e83da-61a6-45c3-9a43-db0a83bd04fa/items/4ac48193-affb-4286-872f-b6067f17711b.png""]",,,,,,,Oils,,,,,,Ace Endico,,,Food
Unfiltered Extra Virgin Olive Oil,"Brand: PAESANOL
CASE | 6 x 33.8 OZ",,,526992,bdbf8311-f304-44fc-b432-67eb60675bc4,EACH,,CASE,,,,,,"[""https://s3.amazonaws.com/media.usepepper.com/suppliers/cd7e83da-61a6-45c3-9a43-db0a83bd04fa/items/029005be-2cda-5ef9-956c-908d998dbd99.jpg""]",,,,,,,Oils,,,,,,Ace Endico,,,Food
Unfiltered Extra Virgin Olive Oil,"Brand: BARBERA
CASE | 6 x 1 LT",,,563104,385a745e-5cbe-4efc-8bfa-2ed4842f7b49,EACH,,CASE,,,,,,"[""https://s3.amazonaws.com/media.usepepper.com/suppliers/cd7e83da-61a6-45c3-9a43-db0a83bd04fa/items/c4d6059e-5a3d-5880-94be-1e46ebc1181c.jpg""]",,,,,,,Oils,,,,,,Ace Endico,,,Food
Unfiltered Extra Virgin Olive Oil,"Brand: LA FEDE
CASE | 6 x 1 LT",,,563298,1015ef7b-7bce-438d-b7f1-842fb5a1de77,EACH,,CASE,,,,,,"[""https://s3.amazonaws.com/media.usepepper.com/suppliers/cd7e83da-61a6-45c3-9a43-db0a83bd04fa/items/0ecc283f-9709-567e-a321-a2c0269833b6.jpg""]",,,,,,,Oils,,,,,,Ace Endico,,,Food
Vegetable Oil,"Brand: ACE ENDICO
CASE | 24 x 16 OZ",,,721607,cf11e20e-a694-43e9-a662-c7a17cb8ae79,EACH,,CASE,,,,,,"[""https://s3.amazonaws.com/media.usepepper.com/suppliers/cd7e83da-61a6-45c3-9a43-db0a83bd04fa/items/3774d64f-b70b-5754-be7e-02358d735f9b.jpg""]",,,,,,,Oils,,,,,,Ace Endico,,,Food
Vegetable Oil Shortening,"Brand: BBS
CASE | 1 x 50 LB",,,712831,d173b4c9-74b5-4921-8cde-bc844ef8efbf,EACH,,CASE,,,,,,[],,,,,,,Oils,,,,,,Ace Endico,,,Food
Vegetable Oil Soybean,"Brand: ACE ENDICO
EACH | 1 x 1 GL
CASE | 6 x 1 GL",,,715680,9751f37e-2387-40ef-849b-298d62abe45c,EACH,,CASE,,,,,,"[""https://s3.amazonaws.com/media.usepepper.com/suppliers/cd7e83da-61a6-45c3-9a43-db0a83bd04fa/items/55f57bac-9f12-5a95-a1cc-994358a1be11.jpg""]",,,,,,,Oils,,,,,,Ace Endico,,,Food
Vegetable Oil Soybean,"Brand: ACE ENDICO
EACH | 1 x 1 GL
CASE | 6 x 1 GL",,,715680,7ce5e22f-3fbd-4216-8ab5-d0ff6ed11337,,,EACH,,,,,,"[""https://s3.amazonaws.com/media.usepepper.com/suppliers/cd7e83da-61a6-45c3-9a43-db0a83bd04fa/items/55f57bac-9f12-5a95-a1cc-994358a1be11.jpg""]",,,,,,,Oils,,,,,,Ace Endico,,,Food
Vegetable Oil Soybean 100%,"Brand: FRESH CHOICE
CASE | 1 x 5 GAL",,,715507,35662743-d5b3-4a4e-8404-63141fba0caa,EACH,,CASE,,,,,,"[""https://s3.amazonaws.com/media.usepepper.com/suppliers/cd7e83da-61a6-45c3-9a43-db0a83bd04fa/items/b6e3ba56-1918-52fd-9604-0e6794c7afd6.jpg""]",,,,,,,Oils,,,,,,Ace Endico,,,Food
Vegetable Shortening BBS Flex,"Brand: BBS FLEX
CASE | 1 x 50 LB",,,712642,8c7cf4fc-f0fd-4f1e-810e-a4878a05227a,EACH,,CASE,,7.51885E+11,,,,"[""https://s3.amazonaws.com/media.usepepper.com/suppliers/cd7e83da-61a6-45c3-9a43-db0a83bd04fa/items/70c47fb4-e26f-5b1a-856f-bf6ffe3f2e8f.jpg""]",,,,,,,Oils,,,,,,Ace Endico,,,Food
Vegtable Cube Shortening,"Brand: ADMIRATION
CASE | 1 x 50 LB",,,721600,77256b4b-cdad-49b9-b498-6ffde5f48ccf,EACH,,CASE,,,,,,"[""https://s3.amazonaws.com/media.usepepper.com/suppliers/cd7e83da-61a6-45c3-9a43-db0a83bd04fa/items/284d67d0-bb40-4faf-bd1c-4216b4769cff.png""]",,,,,,,Oils,,,,,,Ace Endico,,,Food
Walnut Oil Roasted,"Brand: LA TOURANGELLE
CASE | 6 x 16.9 OZ
EACH | 1 x 16.9 OZ",,,714946,00ca69ac-9cee-48d3-818b-45e26694673c,EACH,,CASE,,,,,,"[""https://s3.amazonaws.com/media.usepepper.com/suppliers/cd7e83da-61a6-45c3-9a43-db0a83bd04fa/items/0d76c971-1f51-535c-ac61-4b12c7f5b83d.jpg""]",,,,,,,Oils,,,,,,Ace Endico,,,Food
Walnut Oil Roasted,"Brand: LA TOURANGELLE
CASE | 6 x 16.9 OZ
EACH | 1 x 16.9 OZ",,,714946,11408fd9-5e03-4066-a677-9ae3a51d1f91,,,EACH,,,,,,"[""https://s3.amazonaws.com/media.usepepper.com/suppliers/cd7e83da-61a6-45c3-9a43-db0a83bd04fa/items/0d76c971-1f51-535c-ac61-4b12c7f5b83d.jpg""]",,,,,,,Oils,,,,,,Ace Endico,,,Food
White Truffle Oil,"Brand: TARTUFI ITALIA
CASE | 1 x 1 GL",,,715865,234ef6a8-bb96-491f-911e-8886ac982a59,EACH,,CASE,,,,,,"[""https://s3.amazonaws.com/media.usepepper.com/suppliers/cd7e83da-61a6-45c3-9a43-db0a83bd04fa/items/a0dc5296-8b79-5df6-92d6-e234716e1f72.jpg""]",,,,,,,Oils,,,,,,Ace Endico,,,Food
