name,description,material,product_variants,sku,product_id,pack,size,unit,unit_count,gtin,retail_price,is_catch_weight,average_case_weight,image_url,manufacturer_sku,content_url,ordering_unit,is_broken_case,avg_case_weight,brand,level 1 category,level2 category,level3 category,level4 category,product-category-style,manufacturer_name,distributor_name,supplier_name,country_of_origin,Group
* All Purpose Crushed Tomatoes,"Brand: ANGELA MIA
CASE | 6 x #10",,,798050,37ba5a7b-d202-4f46-8def-e7e3ea77b920,EACH,,CASE,,1.0027E+13,,,,"[""https://s3.amazonaws.com/media.usepepper.com/suppliers/cd7e83da-61a6-45c3-9a43-db0a83bd04fa/items/da70cd17-8b19-5445-b16b-8d416f202ea2.jpg""]",,,,,,,Fruits & Vegetables,Vegetables,Tomato,Crushed Tomato,,,Ace Endico,,,Food
All Purpose Ground Tomato Sauce,"Brand: 6 IN 1
CASE | 6 x #10",,,798341,d4b7d48f-6f25-4625-8897-7d1434c2d914,EACH,,CASE,,1.00785E+13,,,,"[""https://s3.amazonaws.com/media.usepepper.com/suppliers/cd7e83da-61a6-45c3-9a43-db0a83bd04fa/items/dabee30c-ef25-51e9-a1e2-9397592f4b15.jpg""]",,,,,,,Fruits & Vegetables,Vegetables,Tomato,Ground Tomato,,,Ace Endico,,,Food
Arrabbiata Pasta Sauce,"Brand: JERSEY ITALIAN
CASE | 12 x 24 OZ",,,748552,c3e8cded-93e1-4ebf-9aa5-923182aa22ef,EACH,,CASE,,,,,,"[""https://s3.amazonaws.com/media.usepepper.com/suppliers/cd7e83da-61a6-45c3-9a43-db0a83bd04fa/items/6d453517-d937-4efa-be71-0be76c6b3f6d.png""]",,,,,,,Fruits & Vegetables,Vegetables,Tomato,,,,Ace Endico,,,Food
Autentico Pizza Sauce,"Brand: PIZZAIOLA
CASE | 6 x #10",,,798891,424dab85-e195-462e-adc5-b1a033c29616,EACH,,CASE,,,,,,"[""https://s3.amazonaws.com/media.usepepper.com/suppliers/cd7e83da-61a6-45c3-9a43-db0a83bd04fa/items/3a987982-6e76-515b-a391-f49b9c5ce849.jpg""]",,,,,,,Fruits & Vegetables,Vegetables,Tomato,,,,Ace Endico,,,Food
Baby Roma Tomatoes,"Brand: MUTTI
EACH | 1 x 14 OZ
CASE | 12 x 14 OZ",,,982517,0d4d3af0-4472-48cf-969c-3b33f59a70f9,EACH,,CASE,,,,,,"[""https://s3.amazonaws.com/media.usepepper.com/suppliers/cd7e83da-61a6-45c3-9a43-db0a83bd04fa/items/8e5dfe43-cddf-5f54-b2ae-29dfc04e5d5a.jpg""]",,,,,,,Fruits & Vegetables,Vegetables,Tomato,Roma Tomato,,,Ace Endico,,,Food
Baby Roma Tomatoes,"Brand: MUTTI
EACH | 1 x 14 OZ
CASE | 12 x 14 OZ",,,982517,ce209a3a-680e-463b-a19f-2b7778d48eb0,,,EACH,,,,,,"[""https://s3.amazonaws.com/media.usepepper.com/suppliers/cd7e83da-61a6-45c3-9a43-db0a83bd04fa/items/8e5dfe43-cddf-5f54-b2ae-29dfc04e5d5a.jpg""]",,,,,,,Fruits & Vegetables,Vegetables,Tomato,Roma Tomato,,,Ace Endico,,,Food
Basil & Oregano Pizza Sauce,"Brand: MUTTI
CASE | 6 x 14 OZ",,,982523,0a403095-9525-4d1e-ae68-5df0a51885fb,EACH,,CASE,,,,,,"[""https://s3.amazonaws.com/media.usepepper.com/suppliers/cd7e83da-61a6-45c3-9a43-db0a83bd04fa/items/6712db5a-aca4-4c23-94ad-3326eb706430.jpg""]",,,,,,,Fruits & Vegetables,Vegetables,Tomato,,,,Ace Endico,,,Food
Cacciatore Sauce,"Brand: FULL RED
CASE | 6 x #10",,,746828,2be8f39d-2517-4134-92d1-110ebf148fce,EACH,,CASE,,,,,,"[""https://s3.amazonaws.com/media.usepepper.com/suppliers/cd7e83da-61a6-45c3-9a43-db0a83bd04fa/items/ed70a7b4-62e5-5072-a5cf-a71956601abc.jpg""]",,,,,,,Fruits & Vegetables,Vegetables,Tomato,,,,Ace Endico,,,Food
California Tomato Puree,"Brand: SCLAFANI
CASE | 12 x 28 OZ",,,798328,ed50e581-f53d-4b61-bbd2-3521a93d13a2,EACH,,CASE,,,,,,"[""https://s3.amazonaws.com/media.usepepper.com/suppliers/cd7e83da-61a6-45c3-9a43-db0a83bd04fa/items/baff31b9-b1fd-5e3c-93e9-b2eea5c557b7.jpg""]",,,,,,,Fruits & Vegetables,Vegetables,Tomato,,,,Ace Endico,,,Food
Cherry Tomatoes,"Brand: MUTTI
CASE | 12 x 14 OZ",,,982495,69dcd3b7-3b8a-42c8-a06b-6eadbd240ad0,EACH,,CASE,,,,,,"[""https://s3.amazonaws.com/media.usepepper.com/suppliers/cd7e83da-61a6-45c3-9a43-db0a83bd04fa/items/e7abb9e0-b75e-408b-a1ee-554bc6c1b219.jpg""]",,,,,,,Fruits & Vegetables,Vegetables,Tomato,Cherry Tomato,,,Ace Endico,,,Food
Cherry Tomatoes Ciliegini,"Brand: MUTTI
CASE | 6 x 3 KG",,,982487,b4ffe537-4157-4ece-bbc2-5c648ea05146,EACH,,CASE,,,,,,"[""https://s3.amazonaws.com/media.usepepper.com/suppliers/cd7e83da-61a6-45c3-9a43-db0a83bd04fa/items/5a5a79cd-2466-59a0-9439-7dcdca7662c3.jpg""]",,,,,,,Fruits & Vegetables,Vegetables,Tomato,Cherry Tomato,,,Ace Endico,,,Food
Cherry Tomatoes Semi Dry In Oil,"Brand: DI MONTE
EACH | 1 x 2.2 LB
CASE | 2 x 2.2 LB",,,982745,37237f9b-99cb-423c-92e9-16579cc3bd33,EACH,,CASE,,1.08763E+13,,,,"[""https://s3.amazonaws.com/media.usepepper.com/suppliers/cd7e83da-61a6-45c3-9a43-db0a83bd04fa/items/3c96eab5-99e7-42c7-a734-9a7193093846.jpg""]",,,,,,,Fruits & Vegetables,Vegetables,Tomato,Cherry Tomato,,,Ace Endico,,,Food
Cherry Tomatoes Semi Dry In Oil,"Brand: DI MONTE
EACH | 1 x 2.2 LB
CASE | 2 x 2.2 LB",,,982745,a8044d97-0890-4f65-8a81-7c5131566021,,,EACH,,1.08763E+13,,,,"[""https://s3.amazonaws.com/media.usepepper.com/suppliers/cd7e83da-61a6-45c3-9a43-db0a83bd04fa/items/a1db9645-e3fb-42a3-b430-f419a267586b.jpg""]",,,,,,,Fruits & Vegetables,Vegetables,Tomato,Cherry Tomato,,,Ace Endico,,,Food
Cherry Tomato Sauce,"Brand: SCLAFANI
CASE | 12 x 12 OZ",,,986962,ff4c2e78-c575-4f1e-a82a-537b3e4e8e9a,EACH,,CASE,,,,,,"[""https://s3.amazonaws.com/media.usepepper.com/suppliers/cd7e83da-61a6-45c3-9a43-db0a83bd04fa/items/deabbb00-533f-5925-98e0-f04fc7d34fc9.jpg""]",,,,,,,Fruits & Vegetables,Vegetables,Tomato,Cherry Tomato,,,Ace Endico,,,Food
Chopped Fine tomatoes,"Brand: MUTTI
CASE | 6 x #10 2970 gr",,,982507,30082644-e923-4ee9-be9e-7093543374b8,EACH,,CASE,,8.00511E+13,,,,"[""https://s3.amazonaws.com/media.usepepper.com/suppliers/cd7e83da-61a6-45c3-9a43-db0a83bd04fa/items/9c8c415b-ca99-5b16-b542-57679072820d.jpg""]",,,,,,,Fruits & Vegetables,Vegetables,Tomato,,,,Ace Endico,,,Food
Chopped Fine Tomatoes Glass,"Brand: POSARDI
CASE | 12 x 24 OZ",,,982903,fc4f6975-be1f-4a82-96ab-2defe494449a,EACH,,CASE,,,,,,"[""https://s3.amazonaws.com/media.usepepper.com/suppliers/cd7e83da-61a6-45c3-9a43-db0a83bd04fa/items/e9c9466f-778a-57cf-b526-4bc146be4c58.jpg""]",,,,,,,Fruits & Vegetables,Vegetables,Tomato,,,,Ace Endico,,,Food
Chopped Tomato,"Brand: MUTTI
CASE | 12 x 14 OZ",,,982891,26c87506-e274-4aaf-94e7-67fdac53936e,EACH,,CASE,,,,,,"[""https://s3.amazonaws.com/media.usepepper.com/suppliers/cd7e83da-61a6-45c3-9a43-db0a83bd04fa/items/c0aa5da4-4600-574c-8d31-7926e7c7de6c.jpg""]",,,,,,,Fruits & Vegetables,Vegetables,Tomato,,,,Ace Endico,,,Food
Chopped Tomatoes,"Brand: MUTTI
CASE | 6 x 28 OZ",,,982893,a1e843e6-ce89-453c-8d3e-9b1eb3a8bd76,EACH,,CASE,,,,,,"[""https://s3.amazonaws.com/media.usepepper.com/suppliers/cd7e83da-61a6-45c3-9a43-db0a83bd04fa/items/400171ec-05ff-5af1-888d-c0055f6a98e1.jpg""]",,,,,,,Fruits & Vegetables,Vegetables,Tomato,,,,Ace Endico,,,Food
Chopped Tomato Fine,"Brand: POSARDI
CASE | 24 x 14 OZ",,,982911,159d5dfc-b319-4877-953c-0860fb067586,EACH,,CASE,,,,,,"[""https://s3.amazonaws.com/media.usepepper.com/suppliers/cd7e83da-61a6-45c3-9a43-db0a83bd04fa/items/30687cdb-d7b4-5532-acd9-787ad46d21fa.jpg""]",,,,,,,Fruits & Vegetables,Vegetables,Tomato,,,,Ace Endico,,,Food
Chopped Tomato with Basil,"Brand: MUTTI
CASE | 12 x 14 OZ",,,982895,293799ef-2237-4f39-aea6-6cf5f0528b36,EACH,,CASE,,,,,,"[""https://s3.amazonaws.com/media.usepepper.com/suppliers/cd7e83da-61a6-45c3-9a43-db0a83bd04fa/items/dd8d5134-a7d2-50ba-880d-983dcdef8408.jpg""]",,,,,,,Fruits & Vegetables,Vegetables,Tomato,,,,Ace Endico,,,Food
Chunky Italian Tomato,"Brand: PASTENE
CASE | 12 x 28 OZ",,,982568,2f01f279-7e51-4ae5-9599-cdb2d6cf7160,EACH,,CASE,,,,,,"[""https://s3.amazonaws.com/media.usepepper.com/suppliers/cd7e83da-61a6-45c3-9a43-db0a83bd04fa/items/04ed475f-718f-5d8c-98ef-36fb9e1ca177.jpg""]",,,,,,,Fruits & Vegetables,Vegetables,Tomato,,,,Ace Endico,,,Food
Classico Passata Tomatoes,"Brand: LA FEDE
CASE | 12 x 24.3 OZ",,,797843,52e1db49-8490-4d3b-82cb-095e99af6a7a,EACH,,CASE,,,,,,"[""https://s3.amazonaws.com/media.usepepper.com/suppliers/cd7e83da-61a6-45c3-9a43-db0a83bd04fa/items/8343661d-b1fe-5cbf-b94b-a7652dfc7f70.jpg""]",,,,,,,Fruits & Vegetables,Vegetables,Tomato,,,,Ace Endico,,,Food
Classic Pizza Sauce #10 Can,"Brand: MUTTI
CASE | 6 x #10 CAN",,,982531,f522de5c-2ef1-45e6-956f-b9c6687cede1,EACH,,CASE,,,,,,,,,,,,,Fruits & Vegetables,Vegetables,Tomato,,,,Ace Endico,,,Food
Concentrated Crushed Tomato,"Brand: FULL RED
CASE | 6 x #10",,,798874,ad566e05-9033-49e5-b492-7c775834723e,EACH,,CASE,,,,,,"[""https://s3.amazonaws.com/media.usepepper.com/suppliers/cd7e83da-61a6-45c3-9a43-db0a83bd04fa/items/7cae77c1-2be7-51cd-920a-71eaa28f4c35.jpg""]",,,,,,,Fruits & Vegetables,Vegetables,Tomato,Crushed Tomato,,,Ace Endico,,,Food
Corbarino Small Tomato,"Brand: CORBARI
CASE | 24 x 14.28 OZ",,,982488,f75fa46e-243f-42e0-82d1-2636f17414af,EACH,,CASE,,,,,,"[""https://s3.amazonaws.com/media.usepepper.com/suppliers/cd7e83da-61a6-45c3-9a43-db0a83bd04fa/items/6cc4dfdb-641f-4105-8e9d-e74381f84350.png""]",,,,,,,Fruits & Vegetables,Vegetables,Tomato,,,,Ace Endico,,,Food
Crushed California Tomatoes,"Brand: SCLAFANI
CASE | 12 x 28 OZ",,,798234,d272bb9d-1162-45a4-940c-68a0209e144f,EACH,,CASE,,,,,,"[""https://s3.amazonaws.com/media.usepepper.com/suppliers/cd7e83da-61a6-45c3-9a43-db0a83bd04fa/items/eb3d4383-5646-5829-8ff5-0a511378a3b5.jpg""]",,,,,,,Fruits & Vegetables,Vegetables,Tomato,,,,Ace Endico,,,Food
Crushed Italian Tomatoes Box,"Brand: COLAVITA
CASE | 16 x 13.76 OZ",,,798245,b341d577-2e87-4ab1-ad41-1ed8d7f4c635,EACH,,CASE,,39153500136,,,,"[""https://s3.amazonaws.com/media.usepepper.com/suppliers/cd7e83da-61a6-45c3-9a43-db0a83bd04fa/items/ac1a1002-0df3-5542-aeb8-7f6ac462b0b1.jpg""]",,,,,,,Fruits & Vegetables,Vegetables,Tomato,,,,Ace Endico,,,Food
Crushed Tomatoes,"Brand: COLAVITA
CASE | 12 x 28 OZ",,,798233,986c7ae6-1faf-4dc8-b8af-12d82a425169,EACH,,CASE,,1.00392E+13,,,,"[""https://s3.amazonaws.com/media.usepepper.com/suppliers/cd7e83da-61a6-45c3-9a43-db0a83bd04fa/items/d9a3ae9a-deb1-5dd0-b16b-c74cf0058943.jpg""]",,,,,,,Fruits & Vegetables,Vegetables,Tomato,Crushed Tomato,,,Ace Endico,,,Food
Crushed Tomatoes,"Brand: NINA
CASE | 12 x 28 OZ",,,798237,1d718b15-7536-47a7-a528-7b055998e30d,EACH,,CASE,,,,,,"[""https://s3.amazonaws.com/media.usepepper.com/suppliers/cd7e83da-61a6-45c3-9a43-db0a83bd04fa/items/40c9bc57-2184-5a1d-940b-9cd98a9dcf22.jpg""]",,,,,,,Fruits & Vegetables,Vegetables,Tomato,Crushed Tomato,,,Ace Endico,,,Food
Crushed Tomatoes,"Brand: SCLAFANI
CASE | 12 x 28 OZ",,,798280,3f16fdb3-8b72-4f36-b552-2f7c4d251787,EACH,,CASE,,3.00303E+13,,,,"[""https://s3.amazonaws.com/media.usepepper.com/suppliers/cd7e83da-61a6-45c3-9a43-db0a83bd04fa/items/5f59e3a6-b6b5-58fb-b6a5-c7e8c8b6c184.jpg""]",,,,,,,Fruits & Vegetables,Vegetables,Tomato,Crushed Tomato,,,Ace Endico,,,Food
Diced Tomatoes,"Brand: SCLAFANI
CASE | 24 x 400 GR",,,447650,78dd3b85-0925-47cf-9f19-949744a43c99,EACH,,CASE,,,,,,,,,,,,,Fruits & Vegetables,Vegetables,Tomato,Diced Tomato,,,Ace Endico,,,Food
Diced Tomatoes,"Brand: FURMANOS
CASE | 6 x #10",,,798176,4d221b44-1aa8-4640-a19f-0fd4d20c2577,EACH,,CASE,,41188104425,,,,"[""https://s3.amazonaws.com/media.usepepper.com/suppliers/cd7e83da-61a6-45c3-9a43-db0a83bd04fa/items/293d0b3d-42ac-5b00-a5f0-77f87a87ee23.jpg""]",,,,,,,Fruits & Vegetables,Vegetables,Tomato,Diced Tomato,,,Ace Endico,,,Food
Diced Tomatoes,"Brand: MUTTI
CASE | 3 x 3 KG",,,982489,5a07adc7-9c56-4359-bd40-91316c1773cf,EACH,,CASE,,,,,,"[""https://s3.amazonaws.com/media.usepepper.com/suppliers/cd7e83da-61a6-45c3-9a43-db0a83bd04fa/items/f87f594d-5285-5a12-8238-6e25309b2d5d.jpg""]",,,,,,,Fruits & Vegetables,Vegetables,Tomato,Diced Tomato,,,Ace Endico,,,Food
Diced Tomatoes No Salt Added in Box,"Brand: COLAVITA
EACH | 1 x 13.76 OZ
CASE | 16 x 13.76 OZ",,,798247,693216a9-ded8-4acf-b705-ab995f050244,EACH,,CASE,,39153500143,,,,"[""https://s3.amazonaws.com/media.usepepper.com/suppliers/cd7e83da-61a6-45c3-9a43-db0a83bd04fa/items/21dc4f46-d1c8-5f0f-a12c-bab328ce18d7.jpg""]",,,,,,,Fruits & Vegetables,Vegetables,Tomato,Diced Tomato,,,Ace Endico,,,Food
Diced Tomatoes No Salt Added in Box,"Brand: COLAVITA
EACH | 1 x 13.76 OZ
CASE | 16 x 13.76 OZ",,,798247,e46a7291-e2fc-4d75-9991-66f74c29ecf7,,,EACH,,39153500143,,,,"[""https://s3.amazonaws.com/media.usepepper.com/suppliers/cd7e83da-61a6-45c3-9a43-db0a83bd04fa/items/21dc4f46-d1c8-5f0f-a12c-bab328ce18d7.jpg""]",,,,,,,Fruits & Vegetables,Vegetables,Tomato,Diced Tomato,,,Ace Endico,,,Food
* Diced Tomatoes with Chilies,"Brand: RO*TEL
CASE | 12 x 28 OZ",,,798307,f4cedf17-1161-428e-9b2b-b1bd24071ccb,EACH,,CASE,,64144602452,,,,"[""https://s3.amazonaws.com/media.usepepper.com/suppliers/cd7e83da-61a6-45c3-9a43-db0a83bd04fa/items/4f1afb98-6346-4580-b5d6-ee1077f5cd9e.png""]",,,,,,,Fruits & Vegetables,Vegetables,Tomato,Diced Tomato,,,Ace Endico,,,Food
Diced Tomato No Salt Added,"Brand: ANGELA MIA
CASE | 6 x #10",,,798181,08e1e9c0-7f64-480e-b168-14b9fe446829,EACH,,CASE,,2.0027E+13,,,,"[""https://s3.amazonaws.com/media.usepepper.com/suppliers/cd7e83da-61a6-45c3-9a43-db0a83bd04fa/items/1e4df018-b246-571a-b5fa-8871a12b3472.jpg""]",,,,,,,Fruits & Vegetables,Vegetables,Tomato,Diced Tomato,,,Ace Endico,,,Food
DOP San Marzano Tomatoes,"Brand: CIAO
CASE | 6 x 3 KG",,,798201,01ad3f72-337a-4b12-9c66-c8a77ac730ae,EACH,,CASE,,,,,,"[""https://s3.amazonaws.com/media.usepepper.com/suppliers/cd7e83da-61a6-45c3-9a43-db0a83bd04fa/items/73ad5d66-9678-5760-8b59-7ad8f7610718.jpg""]",,,,,,,Fruits & Vegetables,Vegetables,Tomato,,,,Ace Endico,,,Food
DOP San Marzano Tomatoes,"Brand: NINA
CASE | 12 x 28 OZ",,,798235,a3709145-5e8b-4625-a4c7-0a9029a372b1,EACH,,CASE,,,,,,"[""https://s3.amazonaws.com/media.usepepper.com/suppliers/cd7e83da-61a6-45c3-9a43-db0a83bd04fa/items/a90da777-db9e-518a-8b21-7fc3dde13e75.jpg""]",,,,,,,Fruits & Vegetables,Vegetables,Tomato,,,,Ace Endico,,,Food
DOP San Marzano Tomatoes,"Brand: SCLAFANI
CASE | 12 x 28 OZ",,,798349,0378f1c8-3404-4750-9a28-8d206618b5b5,EACH,,CASE,,,,,,"[""https://s3.amazonaws.com/media.usepepper.com/suppliers/cd7e83da-61a6-45c3-9a43-db0a83bd04fa/items/5de3e012-c666-5282-88b2-eedb3ada25ef.jpg""]",,,,,,,Fruits & Vegetables,Vegetables,Tomato,,,,Ace Endico,,,Food
Double Concentrated Tomato Paste,"Brand: MUTTI
CASE | 3 x 3 KG",,,982492,d1ef34df-9a30-48c3-af66-80f573fc4392,EACH,,CASE,,,,,,"[""https://s3.amazonaws.com/media.usepepper.com/suppliers/cd7e83da-61a6-45c3-9a43-db0a83bd04fa/items/4ad31844-f9b9-56af-9fda-2f133f2b9931.jpg""]",,,,,,,Fruits & Vegetables,Vegetables,Tomato,,,,Ace Endico,,,Food
Double Concentrated Tomato Paste,"Brand: MUTTI
CASE | 12 x 4.9 OZ",,,982499,381c28d9-9687-417a-b4d3-545ba2752267,EACH,,CASE,,,,,,"[""https://s3.amazonaws.com/media.usepepper.com/suppliers/cd7e83da-61a6-45c3-9a43-db0a83bd04fa/items/4cc23971-ecb8-5322-babd-654b20b7295d.jpg""]",,,,,,,Fruits & Vegetables,Vegetables,Tomato,,,,Ace Endico,,,Food
Filetto Di Pomodoro,"Brand: SAPORITO
CASE | 6 x #10",,,982470,dc3c4abb-65dd-4b95-9cf0-5cddcce06f08,EACH,,CASE,,,,,,"[""https://s3.amazonaws.com/media.usepepper.com/suppliers/cd7e83da-61a6-45c3-9a43-db0a83bd04fa/items/aa28445e-f02f-5fd9-8b1a-893ba554cd09.jpg""]",,,,,,,Fruits & Vegetables,Vegetables,Tomato,,,,Ace Endico,,,Food
Filletto di Palmodoro Sauce,"Brand: SCLAFANI
CASE | 12 x 32 OZ",,,798359,5048683f-9c17-4a24-bd6f-accf6ba6d3c1,EACH,,CASE,,,,,,"[""https://s3.amazonaws.com/media.usepepper.com/suppliers/cd7e83da-61a6-45c3-9a43-db0a83bd04fa/items/c4407169-b9ad-54f9-beeb-2a8773a01a51.jpg""]",,,,,,,Fruits & Vegetables,Vegetables,Tomato,,,,Ace Endico,,,Food
Filletto di Pamodoro,"Brand: SCLAFANI
CASE | 12 x 16 OZ",,,798363,758d0feb-aaeb-41f9-be8e-a2998f3b35f9,EACH,,CASE,,,,,,"[""https://s3.amazonaws.com/media.usepepper.com/suppliers/cd7e83da-61a6-45c3-9a43-db0a83bd04fa/items/d757f04f-1fbf-5b8b-b80e-814a37d5bea0.jpg""]",,,,,,,Fruits & Vegetables,Vegetables,Tomato,,,,Ace Endico,,,Food
Fra Diavolo Sauce,"Brand: PATSY'S
CASE | 6 x 24 OZ",,,447588,9512adb1-db78-42c6-8100-1d1931d80967,EACH,,CASE,,,,,,"[""https://s3.amazonaws.com/media.usepepper.com/suppliers/cd7e83da-61a6-45c3-9a43-db0a83bd04fa/items/267c6eec-bbc6-5dd9-a299-a45ca3957c7e.jpg""]",,,,,,,Fruits & Vegetables,Vegetables,Tomato,,,,Ace Endico,,,Food
Fra Diavolo Sauce,"Brand: CARMINE'S
CASE | 6 x 32 OZ",,,447642,0e8dea15-3570-4f00-9438-2ddc982b2ecb,EACH,,CASE,,,,,,"[""https://s3.amazonaws.com/media.usepepper.com/suppliers/cd7e83da-61a6-45c3-9a43-db0a83bd04fa/items/810a34f4-3dcb-5bcb-9cfe-786ac942f79a.jpg""]",,,,,,,Fruits & Vegetables,Vegetables,Tomato,,,,Ace Endico,,,Food
Fra Diavolo Sauce,"Brand: CARMINE'S
CASE | 6 x 24 OZ",,,447648,d27c62ed-ab1b-4a29-88c6-99ac4cd91722,EACH,,CASE,,,,,,"[""https://s3.amazonaws.com/media.usepepper.com/suppliers/cd7e83da-61a6-45c3-9a43-db0a83bd04fa/items/a3e4faec-7fec-4b6b-868a-a7d55f82cf87.png""]",,,,,,,Fruits & Vegetables,Vegetables,Tomato,,,,Ace Endico,,,Food
Fra Diavolo Sauce,"Brand: SCLAFANI
CASE | 12 x 16 OZ",,,798364,c539755a-eb1b-4315-b353-f3439fe91c3e,EACH,,CASE,,,,,,"[""https://s3.amazonaws.com/media.usepepper.com/suppliers/cd7e83da-61a6-45c3-9a43-db0a83bd04fa/items/9008ed7d-2c97-5569-9e66-413f57eba478.jpg""]",,,,,,,Fruits & Vegetables,Vegetables,Tomato,,,,Ace Endico,,,Food
Fra Diavolo Sauce,"Brand: SCLAFANI
CASE | 12 x 32 OZ",,,798367,175a744b-e6d1-48d4-b2e5-56619378cc8b,EACH,,CASE,,,,,,"[""https://s3.amazonaws.com/media.usepepper.com/suppliers/cd7e83da-61a6-45c3-9a43-db0a83bd04fa/items/c5ffb907-034c-581a-91e5-5a2d756e21f3.jpg""]",,,,,,,Fruits & Vegetables,Vegetables,Tomato,,,,Ace Endico,,,Food
Ground Crushed Tomato 711,"Brand: 711
CASE | 6 x #10",,,797830,e4989a2e-bee8-43ae-973d-28187889e7f1,EACH,,CASE,,,,,,"[""https://s3.amazonaws.com/media.usepepper.com/suppliers/cd7e83da-61a6-45c3-9a43-db0a83bd04fa/items/392fde83-8bd3-57c0-8904-a15273fa8f62.jpg""]",,,,,,,Fruits & Vegetables,Vegetables,Tomato,Crushed Tomato,,,Ace Endico,,,Food
Hand Picked Peeled Tomatoes,"Brand: SCLAFANI
CASE | 12 x 28 OZ",,,798226,3dafb964-aebe-4c30-a1ac-ca9a278ad6f9,EACH,,CASE,,,,,,"[""https://s3.amazonaws.com/media.usepepper.com/suppliers/cd7e83da-61a6-45c3-9a43-db0a83bd04fa/items/05a33bba-85aa-51d8-98c4-52996973c344.jpg""]",,,,,,,Fruits & Vegetables,Vegetables,Tomato,Peeled Tomato,,,Ace Endico,,,Food
Heavy Basil Pizza Sauce,"Brand: SAPORITO
CASE | 6 x #10",,,982280,2a1a7d10-12ee-4e3d-a6ca-4a8ac2044567,EACH,,CASE,,,,,,"[""https://s3.amazonaws.com/media.usepepper.com/suppliers/cd7e83da-61a6-45c3-9a43-db0a83bd04fa/items/7946726d-e3f1-58a9-9fbe-ec9f782e6b64.jpg""]",,,,,,,Fruits & Vegetables,Vegetables,Tomato,,,,Ace Endico,,,Food
Home Grown Sauce 24 Pack,"Brand: HOBOKEN EDDIES
EACH | 1 x 6 OZ
CASE | 24 x 6 OZ",,,746945,f9e32e07-4336-4ebb-9faf-3d2aa239db59,EACH,,CASE,,,,,,"[""https://s3.amazonaws.com/media.usepepper.com/suppliers/cd7e83da-61a6-45c3-9a43-db0a83bd04fa/items/1172eb88-f6f9-4210-a56a-0ab7aa478042.png""]",,,,,,,Fruits & Vegetables,Vegetables,Tomato,,,,Ace Endico,,,Food
Home Grown Sauce 24 Pack,"Brand: HOBOKEN EDDIES
EACH | 1 x 6 OZ
CASE | 24 x 6 OZ",,,746945,7e64fc25-1752-41d2-aadf-b4df6f203b79,,,EACH,,,,,,"[""https://s3.amazonaws.com/media.usepepper.com/suppliers/cd7e83da-61a6-45c3-9a43-db0a83bd04fa/items/5b6f7ba2-6094-4bac-85c9-5c27dd01fb87.png""]",,,,,,,Fruits & Vegetables,Vegetables,Tomato,,,,Ace Endico,,,Food
Italian Cherry Tomatoes,"Brand: MARIUCCIA
CASE | 6 x 3 KG",,,982961,14db50b4-ba4b-413b-9793-8f2e952222b6,EACH,,CASE,,,,,,"[""https://s3.amazonaws.com/media.usepepper.com/suppliers/cd7e83da-61a6-45c3-9a43-db0a83bd04fa/items/cd0f5ba0-b4f1-5dd5-bd6c-9a4567393708.jpg""]",,,,,,,Fruits & Vegetables,Vegetables,Tomato,Cherry Tomato,,,Ace Endico,,,Food
Italian Chopped Tomatoes,"Brand: INDIGO
CASE | 6 x 3 KG
EACH | 1 x 3 KG",,,982919,1dd19199-336d-4808-a027-7525490766ac,EACH,,CASE,,,,,,"[""https://s3.amazonaws.com/media.usepepper.com/suppliers/cd7e83da-61a6-45c3-9a43-db0a83bd04fa/items/e6ed156e-b6b0-5bcc-bd47-f5fbe982f5dc.jpg""]",,,,,,,Fruits & Vegetables,Vegetables,Tomato,,,,Ace Endico,,,Food
Italian Chopped Tomatoes,"Brand: INDIGO
CASE | 6 x 3 KG
EACH | 1 x 3 KG",,,982919,806ba036-7284-4a23-b29b-3202ede75a68,,,EACH,,,,,,"[""https://s3.amazonaws.com/media.usepepper.com/suppliers/cd7e83da-61a6-45c3-9a43-db0a83bd04fa/items/e6ed156e-b6b0-5bcc-bd47-f5fbe982f5dc.jpg""]",,,,,,,Fruits & Vegetables,Vegetables,Tomato,,,,Ace Endico,,,Food
Italian Chopped Tomato in Bag,"Brand: STERILTOM
CASE | 1 x 10 KG",,,982673,25e62c70-e6c1-4438-aac8-96955998c1aa,EACH,,CASE,,,,,,"[""https://s3.amazonaws.com/media.usepepper.com/suppliers/cd7e83da-61a6-45c3-9a43-db0a83bd04fa/items/a8c23a27-ee95-500e-9223-02520da0c7d2.jpg""]",,,,,,,Fruits & Vegetables,Vegetables,Tomato,,,,Ace Endico,,,Food
Italian Chopped Tomato with Basil,"Brand: LA FEDE
CASE | 24 x 14 OZ",,,983142,a6bed6f5-a48a-4cff-8afa-764605b38e18,EACH,,CASE,,,,,,"[""https://s3.amazonaws.com/media.usepepper.com/suppliers/cd7e83da-61a6-45c3-9a43-db0a83bd04fa/items/f8bf2c78-23aa-56a4-adc3-578719c2bc2f.jpg""]",,,,,,,Fruits & Vegetables,Vegetables,Tomato,,,,Ace Endico,,,Food
Italian Crushed Tomato,"Brand: LA FEDE
CASE | 6 x 3 KG",,,798058,7c536ec6-153d-49b3-b4ba-d31697e0b4bc,EACH,,CASE,,,,,,"[""https://s3.amazonaws.com/media.usepepper.com/suppliers/cd7e83da-61a6-45c3-9a43-db0a83bd04fa/items/ae43bdaa-060a-5120-bc5c-ef690490e1d5.jpg""]",,,,,,,Fruits & Vegetables,Vegetables,Tomato,Crushed Tomato,,,Ace Endico,,,Food
Italian Crushed Tomatoes,"Brand: LA FEDE
CASE | 24 x 14 OZ
EACH | 1 x 14 OZ",,,798081,026e3098-54b7-4cb3-87e2-a87363c5d961,EACH,,CASE,,,,,,"[""https://s3.amazonaws.com/media.usepepper.com/suppliers/cd7e83da-61a6-45c3-9a43-db0a83bd04fa/items/e7681ed7-0c85-5153-9898-3db28c610446.jpg""]",,,,,,,Fruits & Vegetables,Vegetables,Tomato,Crushed Tomato,,,Ace Endico,,,Food
Italian Crushed Tomatoes,"Brand: LA FEDE
EACH | 1 x 28 OZ
CASE | 12 x 28 OZ",,,798082,8bf2b409-ea54-4db8-aaf4-79be4a2f82ee,EACH,,CASE,,,,,,"[""https://s3.amazonaws.com/media.usepepper.com/suppliers/cd7e83da-61a6-45c3-9a43-db0a83bd04fa/items/dd7f5b8a-aa51-51d2-a5ec-76c88c96cf98.jpg""]",,,,,,,Fruits & Vegetables,Vegetables,Tomato,Crushed Tomato,,,Ace Endico,,,Food
Italian Crushed Tomatoes,"Brand: LA FEDE
CASE | 24 x 14 OZ
EACH | 1 x 14 OZ",,,798081,0605abf9-ffe5-4008-8f0d-1ccac4f64fd6,,,EACH,,,,,,"[""https://s3.amazonaws.com/media.usepepper.com/suppliers/cd7e83da-61a6-45c3-9a43-db0a83bd04fa/items/e7681ed7-0c85-5153-9898-3db28c610446.jpg""]",,,,,,,Fruits & Vegetables,Vegetables,Tomato,Crushed Tomato,,,Ace Endico,,,Food
Italian Crushed Tomatoes,"Brand: LA FEDE
EACH | 1 x 28 OZ
CASE | 12 x 28 OZ",,,798082,9c71f715-f573-42c7-8655-e1b51d0b5a7e,,,EACH,,,,,,"[""https://s3.amazonaws.com/media.usepepper.com/suppliers/cd7e83da-61a6-45c3-9a43-db0a83bd04fa/items/dd7f5b8a-aa51-51d2-a5ec-76c88c96cf98.jpg""]",,,,,,,Fruits & Vegetables,Vegetables,Tomato,Crushed Tomato,,,Ace Endico,,,Food
Italian Peeled Plum Tomatoes in Juice R4,"Brand: LAVALLE
CASE | 6 x #10",,,982448,7b93104c-0c52-4016-9769-be31da0252e9,EACH,,CASE,,,,,,"[""https://s3.amazonaws.com/media.usepepper.com/suppliers/cd7e83da-61a6-45c3-9a43-db0a83bd04fa/items/a1fe8e88-cd8f-597e-b98a-ed5fa96efbf7.jpg""]",,,,,,,Fruits & Vegetables,Vegetables,Tomato,Plum Tomato,,,Ace Endico,,,Food
Italian Peeled Plum Tomatoes No Basil,"Brand: POMILIA
CASE | 6 x 3 KG",,,982950,a1dc06d7-2195-4551-9e5a-6fb9b4c6a4fa,EACH,,CASE,,,,,,"[""https://s3.amazonaws.com/media.usepepper.com/suppliers/cd7e83da-61a6-45c3-9a43-db0a83bd04fa/items/1cf013fa-1f24-53e6-8e6e-ea3da1a842db.jpg""]",,,,,,,Fruits & Vegetables,Vegetables,Tomato,Plum Tomato,,,Ace Endico,,,Food
Italian Peeled Tomatoes,"Brand: NINA
CASE | 12 x 28 OZ",,,798236,ccbd0767-bd15-4ee5-918c-18c129659d3b,EACH,,CASE,,,,,,"[""https://s3.amazonaws.com/media.usepepper.com/suppliers/cd7e83da-61a6-45c3-9a43-db0a83bd04fa/items/3198cff7-2d15-57f5-8efc-dfa68b245531.jpg""]",,,,,,,Fruits & Vegetables,Vegetables,Tomato,Peeled Tomato,,,Ace Endico,,,Food
Italian Peeled Tomatoes,"Brand: LAVALLE
CASE | 12 x 28 OZ",,,982502,376c971d-a7a1-469f-b3fe-c0a03458971a,EACH,,CASE,,,,,,"[""https://s3.amazonaws.com/media.usepepper.com/suppliers/cd7e83da-61a6-45c3-9a43-db0a83bd04fa/items/7fa11803-d34b-5bef-8893-8c37a1fbbadb.jpg""]",,,,,,,Fruits & Vegetables,Vegetables,Tomato,Peeled Tomato,,,Ace Endico,,,Food
Italian Pesto Sauce,"Brand: ASCHERI
CASE | 12 x 6.3 OZ",,,743923,88bc7c65-174b-4f9a-a483-cf3ddb74e9b6,EACH,,CASE,,,,,,,,,,,,,Fruits & Vegetables,Vegetables,Tomato,,,,Ace Endico,,,Food
Italian Style Spaghetti Sauce,"Brand: FURMANOS
CASE | 12 x 28 OZ",,,303375,14aadceb-0dbb-406f-825c-480b73847841,EACH,,CASE,,,,,,,,,,,,,Fruits & Vegetables,Vegetables,Tomato,,,,Ace Endico,,,Food
Italian Tomatoes Datterini,"Brand: POMILIA
CASE | 24 x 14 OZ",,,797957,b501faf2-c19a-4198-8eaf-0e343053200d,EACH,,CASE,,,,,,"[""https://s3.amazonaws.com/media.usepepper.com/suppliers/cd7e83da-61a6-45c3-9a43-db0a83bd04fa/items/df01f3da-0ba7-486a-9b78-d4b59236ff81.png""]",,,,,,,Fruits & Vegetables,Vegetables,Tomato,,,,Ace Endico,,,Food
Italian Tomato Paste,"Brand: LA FEDE
EACH | 1 x 5 OZ
CASE | 50 x 5 OZ",,,800073,1252ce2f-6907-4d94-b89b-fe17b1c6541d,EACH,,CASE,,,,,,"[""https://s3.amazonaws.com/media.usepepper.com/suppliers/cd7e83da-61a6-45c3-9a43-db0a83bd04fa/items/2c3fb760-8792-5240-80ea-e16b3885a00f.jpg""]",,,,,,,Fruits & Vegetables,Vegetables,Tomato,,,,Ace Endico,,,Food
Italian Tomato Paste,"Brand: LA FEDE
EACH | 1 x 5 OZ
CASE | 50 x 5 OZ",,,800073,a962d603-607d-41e8-9a3f-487d3cd53f2b,,,EACH,,,,,,"[""https://s3.amazonaws.com/media.usepepper.com/suppliers/cd7e83da-61a6-45c3-9a43-db0a83bd04fa/items/2c3fb760-8792-5240-80ea-e16b3885a00f.jpg""]",,,,,,,Fruits & Vegetables,Vegetables,Tomato,,,,Ace Endico,,,Food
Italian Tomato Paste Imported,"Brand: CIAO
CASE | 6 x 2.5 KG
EACH | 1 x 2.5 KG",,,982870,17a6805a-8b0b-43ae-aabc-7b50440d3d41,EACH,,CASE,,,,,,"[""https://s3.amazonaws.com/media.usepepper.com/suppliers/cd7e83da-61a6-45c3-9a43-db0a83bd04fa/items/3b24ac23-705e-5408-9b48-3e5701925d07.jpg""]",,,,,,,Fruits & Vegetables,Vegetables,Tomato,,,,Ace Endico,,,Food
Italian Tomato Paste Imported,"Brand: CIAO
CASE | 6 x 2.5 KG
EACH | 1 x 2.5 KG",,,982870,484bb644-ef1b-44a4-8c77-bd5949e6fd82,,,EACH,,,,,,"[""https://s3.amazonaws.com/media.usepepper.com/suppliers/cd7e83da-61a6-45c3-9a43-db0a83bd04fa/items/3b24ac23-705e-5408-9b48-3e5701925d07.jpg""]",,,,,,,Fruits & Vegetables,Vegetables,Tomato,,,,Ace Endico,,,Food
Italian Whole Peeled Plumb Tomatoes,"Brand: INDIGO
CASE | 6 x #10",,,982620,c538715d-f5c3-4ae5-93ed-c3d6108d2774,EACH,,CASE,,,,,,"[""https://s3.amazonaws.com/media.usepepper.com/suppliers/cd7e83da-61a6-45c3-9a43-db0a83bd04fa/items/4c9362c6-1521-5a30-b7b8-e975f9821051.jpg""]",,,,,,,Fruits & Vegetables,Vegetables,Tomato,,,,Ace Endico,,,Food
Italian whole Peeled Plum Tomato,"Brand: CIAO
CASE | 6 x #10",,,982772,d56ed8b8-73ab-4a66-9672-8c5ba5b9afc2,EACH,,CASE,,,,,,"[""https://s3.amazonaws.com/media.usepepper.com/suppliers/cd7e83da-61a6-45c3-9a43-db0a83bd04fa/items/eb5dab4d-d76e-52d9-8e22-3d54e191f901.jpg""]",,,,,,,Fruits & Vegetables,Vegetables,Tomato,Plum Tomato,,,Ace Endico,,,Food
Italian Whole Peeled Plum Tomato,"Brand: LA FEDE
CASE | 6 x #10",,,982521,611a1417-5d08-4875-8f8e-d11234445cc8,EACH,,CASE,,,,,,"[""https://s3.amazonaws.com/media.usepepper.com/suppliers/cd7e83da-61a6-45c3-9a43-db0a83bd04fa/items/cc0e4e97-f4a6-54c3-bb63-3ebea5f3cd26.jpg""]",,,,,,,Fruits & Vegetables,Vegetables,Tomato,Plum Tomato,,,Ace Endico,,,Food
Italian Whole Peeled Plum Tomato,"Brand: LUNA
CASE | 6 x #10",,,982631,590cc72c-fdc0-4ae6-b704-23c34894b601,EACH,,CASE,,,,,,"[""https://s3.amazonaws.com/media.usepepper.com/suppliers/cd7e83da-61a6-45c3-9a43-db0a83bd04fa/items/89f7ba77-74c7-52c6-a53d-cae454cbbab0.jpg""]",,,,,,,Fruits & Vegetables,Vegetables,Tomato,Plum Tomato,,,Ace Endico,,,Food
Italian Whole Peeled Plum Tomato,"Brand: MARIUCCIA
CASE | 6 x #10",,,982656,eb526689-fb91-4615-96c2-9481fd982f81,EACH,,CASE,,,,,,"[""https://s3.amazonaws.com/media.usepepper.com/suppliers/cd7e83da-61a6-45c3-9a43-db0a83bd04fa/items/6ec6e0e2-7d29-5302-97bd-9033d7271657.jpg""]",,,,,,,Fruits & Vegetables,Vegetables,Tomato,Plum Tomato,,,Ace Endico,,,Food
Italian Whole Peeled Tomato,"Brand: LA FEDE
CASE | 24 x 14 OZ",,,797634,6c52df0e-14e5-4188-b604-e93e00cd56d3,EACH,,CASE,,,,,,"[""https://s3.amazonaws.com/media.usepepper.com/suppliers/cd7e83da-61a6-45c3-9a43-db0a83bd04fa/items/5322f01e-a656-5c8f-8692-39b263261866.jpg""]",,,,,,,Fruits & Vegetables,Vegetables,Tomato,Peeled Tomato,,,Ace Endico,,,Food
Italian Whole Peeled Tomato,"Brand: ESPOSITO
CASE | 6 x #10",,,797932,dbe73d94-d440-4d08-86af-983c8397e283,EACH,,CASE,,,,,,"[""https://s3.amazonaws.com/media.usepepper.com/suppliers/cd7e83da-61a6-45c3-9a43-db0a83bd04fa/items/62ed4314-d957-5c5a-95e8-a836cdf99e5b.jpg""]",,,,,,,Fruits & Vegetables,Vegetables,Tomato,Peeled Tomato,,,Ace Endico,,,Food
Italian Whole Peeled Tomato,"Brand: LA FEDE
EACH | 1 x 28 OZ
CASE | 12 x 28 OZ",,,982513,1ffb495f-dae1-4c41-9495-6a6b1580b30c,EACH,,CASE,,,,,,"[""https://s3.amazonaws.com/media.usepepper.com/suppliers/cd7e83da-61a6-45c3-9a43-db0a83bd04fa/items/182d0020-f12c-5035-a3df-b58b8a5ae8e6.jpg""]",,,,,,,Fruits & Vegetables,Vegetables,Tomato,Peeled Tomato,,,Ace Endico,,,Food
Italian Whole Peeled Tomato,"Brand: MUTTI
CASE | 12 x 14 OZ",,,982515,2e984265-9b2b-4c33-9bc3-025ac0c2da0f,EACH,,CASE,,,,,,"[""https://s3.amazonaws.com/media.usepepper.com/suppliers/cd7e83da-61a6-45c3-9a43-db0a83bd04fa/items/70cb93e7-47fe-5b53-a755-37c0dd1264c8.jpg""]",,,,,,,Fruits & Vegetables,Vegetables,Tomato,Peeled Tomato,,,Ace Endico,,,Food
Italian Whole Peeled Tomato,"Brand: LA FEDE
EACH | 1 x 28 OZ
CASE | 12 x 28 OZ",,,982513,757bab75-5297-4377-9f93-94b87476ebd7,,,EACH,,,,,,"[""https://s3.amazonaws.com/media.usepepper.com/suppliers/cd7e83da-61a6-45c3-9a43-db0a83bd04fa/items/182d0020-f12c-5035-a3df-b58b8a5ae8e6.jpg""]",,,,,,,Fruits & Vegetables,Vegetables,Tomato,Peeled Tomato,,,Ace Endico,,,Food
Italian Whole Peeled Tomatoes,"Brand: REGA
CASE | 12 x 28 OZ",,,797870,52080c5c-c3fe-49bd-902b-cc5f711a30cd,EACH,,CASE,,,,,,"[""https://s3.amazonaws.com/media.usepepper.com/suppliers/cd7e83da-61a6-45c3-9a43-db0a83bd04fa/items/94a2c51a-ea6e-4f2b-bb3d-5089aed92a1d.png""]",,,,,,,Fruits & Vegetables,Vegetables,Tomato,Peeled Tomato,,,Ace Endico,,,Food
Italian Whole Peeled Tomatoes,"Brand: MUTTI
CASE | 6 x #10",,,982485,f0a8735e-58df-4f86-bdfd-2c27d46bdabd,EACH,,CASE,,8.00511E+12,,,,"[""https://s3.amazonaws.com/media.usepepper.com/suppliers/cd7e83da-61a6-45c3-9a43-db0a83bd04fa/items/17bb23f3-42ec-5d26-83d4-c62b36faad88.jpg""]",,,,,,,Fruits & Vegetables,Vegetables,Tomato,Peeled Tomato,,,Ace Endico,,,Food
Italian Whole Peeled Tomatoes,"Brand: NINA
CASE | 6 x #10",,,982795,09531dd9-9c91-4619-ab0f-912977a6f832,EACH,,CASE,,,,,,"[""https://s3.amazonaws.com/media.usepepper.com/suppliers/cd7e83da-61a6-45c3-9a43-db0a83bd04fa/items/e6ac0412-8eb0-5c67-843b-edab6ec9e179.jpg""]",,,,,,,Fruits & Vegetables,Vegetables,Tomato,Peeled Tomato,,,Ace Endico,,,Food
Jersey Crushed Tomatoes,"Brand: LA FEDE
CASE | 12 x 28 OZ",,,798078,d08fb49a-a8f4-48ab-88d3-8aad145b9f8e,EACH,,CASE,,,,,,"[""https://s3.amazonaws.com/media.usepepper.com/suppliers/cd7e83da-61a6-45c3-9a43-db0a83bd04fa/items/1009e254-8aba-54a6-b78b-4e2c65b97a1a.jpg""]",,,,,,,Fruits & Vegetables,Vegetables,Tomato,Crushed Tomato,,,Ace Endico,,,Food
Jersey Crushed Tomato Sauce,"Brand: LA FEDE
CASE | 6 x #10",,,798059,474228b7-b30b-447a-a332-cc38a0866036,EACH,,CASE,,,,,,"[""https://s3.amazonaws.com/media.usepepper.com/suppliers/cd7e83da-61a6-45c3-9a43-db0a83bd04fa/items/44f8d24e-cdcf-59f1-a66d-4a2c270a4852.jpg""]",,,,,,,Fruits & Vegetables,Vegetables,Tomato,Crushed Tomato,,,Ace Endico,,,Food
Jersey Italian Gravy,"Brand: JERSEY ITALIAN
CASE | 12 x 24 OZ",,,748506,8d8ba3ec-a0fb-4bf4-8f19-679e2c192ae4,EACH,,CASE,,,,,,"[""https://s3.amazonaws.com/media.usepepper.com/suppliers/cd7e83da-61a6-45c3-9a43-db0a83bd04fa/items/aae0d426-448f-5971-a6bb-744bbcd581eb.jpg""]",,,,,,,Fruits & Vegetables,Vegetables,Tomato,,,,Ace Endico,,,Food
Kitchen Ready Tomatoes,"Brand: PASTENE
CASE | 6 x #10",,,797665,db8b4ef1-626a-468c-95a3-2b1b9cd5da59,EACH,,CASE,,,,,,"[""https://s3.amazonaws.com/media.usepepper.com/suppliers/cd7e83da-61a6-45c3-9a43-db0a83bd04fa/items/3b8eb259-af70-5065-adff-427954fca2a6.jpg""]",,,,,,,Fruits & Vegetables,Vegetables,Tomato,,,,Ace Endico,,,Food
Kitchen Ready Tomatoes,"Brand: PASTENE
CASE | 12 x 28 OZ",,,798372,eccdf9b7-6813-448e-84d3-a6ba58cebe94,EACH,,CASE,,,,,,"[""https://s3.amazonaws.com/media.usepepper.com/suppliers/cd7e83da-61a6-45c3-9a43-db0a83bd04fa/items/d2c46a45-63d6-5185-a6a0-35fc17851c82.jpg""]",,,,,,,Fruits & Vegetables,Vegetables,Tomato,,,,Ace Endico,,,Food
Kitchen Ready Tomato No Salt,"Brand: PASTENE
CASE | 12 x 28 OZ",,,797552,9d316cda-4393-4108-85ad-02ab96330e9d,EACH,,CASE,,,,,,"[""https://s3.amazonaws.com/media.usepepper.com/suppliers/cd7e83da-61a6-45c3-9a43-db0a83bd04fa/items/a8ff7818-2e21-5e6e-8b70-9dfb91506c4c.jpg""]",,,,,,,Fruits & Vegetables,Vegetables,Tomato,,,,Ace Endico,,,Food
Marinara Pasta Sauce,"Brand: LA FEDE
EACH | 1 x 24 OZ
CASE | 6 x 24 OZ",,,447562,d77ae915-5618-4d50-a0da-d157bb0fc9e7,EACH,,CASE,,,,,,"[""https://s3.amazonaws.com/media.usepepper.com/suppliers/cd7e83da-61a6-45c3-9a43-db0a83bd04fa/items/151f88b9-daa9-5c1f-9009-706e17c81989.jpg""]",,,,,,,Fruits & Vegetables,Vegetables,Tomato,,,,Ace Endico,,,Food
Marinara Pasta Sauce,"Brand: LA FEDE
EACH | 1 x 24 OZ
CASE | 6 x 24 OZ",,,447562,093ee08b-fc7a-4bec-9467-13a2888f0da1,,,EACH,,,,,,"[""https://s3.amazonaws.com/media.usepepper.com/suppliers/cd7e83da-61a6-45c3-9a43-db0a83bd04fa/items/151f88b9-daa9-5c1f-9009-706e17c81989.jpg""]",,,,,,,Fruits & Vegetables,Vegetables,Tomato,,,,Ace Endico,,,Food
* Marinara Sauce,"Brand: ANGELA MIA
CASE | 6 x #10",,,798540,27cc9260-265b-4689-9584-acc029b17e4f,EACH,,CASE,,1.0027E+13,,,,"[""https://s3.amazonaws.com/media.usepepper.com/suppliers/cd7e83da-61a6-45c3-9a43-db0a83bd04fa/items/c2fe6bdc-d614-4086-9930-2e5714b89e99.jpg""]",,,,,,,Fruits & Vegetables,Vegetables,Tomato,,,,Ace Endico,,,Food
Marinara Sauce,"Brand: PATSY'S
CASE | 6 x 24 OZ",,,447560,0105d575-f0fa-4454-a45a-ea8b37e1dcbe,EACH,,CASE,,,,,,"[""https://s3.amazonaws.com/media.usepepper.com/suppliers/cd7e83da-61a6-45c3-9a43-db0a83bd04fa/items/bbf436af-e2a4-55bd-acf8-716e3f964a19.jpg""]",,,,,,,Fruits & Vegetables,Vegetables,Tomato,,,,Ace Endico,,,Food
Marinara Sauce,"Brand: CARMINE'S
CASE | 6 x 24 OZ",,,447643,dac6278c-f854-4cd0-97c5-9b9110b12ded,EACH,,CASE,,,,,,"[""https://s3.amazonaws.com/media.usepepper.com/suppliers/cd7e83da-61a6-45c3-9a43-db0a83bd04fa/items/98c2ef2b-effe-40e1-a1a6-9131a004f1a7.png""]",,,,,,,Fruits & Vegetables,Vegetables,Tomato,,,,Ace Endico,,,Food
Marinara Sauce,"Brand: COLAVITA
CASE | 16 x 13.26 OZ
EACH | 1 x 13.26 OZ",,,447721,d6ce8d96-bfe0-4097-bbd5-deae88564d91,EACH,,CASE,,39153500174,,,,"[""https://s3.amazonaws.com/media.usepepper.com/suppliers/cd7e83da-61a6-45c3-9a43-db0a83bd04fa/items/81d75063-5c04-509a-a52a-b6c1f7088eb2.jpg""]",,,,,,,Fruits & Vegetables,Vegetables,Tomato,,,,Ace Endico,,,Food
Marinara Sauce,"Brand: RED GOLD
CASE | 84 x 2.5 OZ",,,651322,04a8069b-d22a-418c-bc6e-15f32b1ccb14,EACH,,CASE,,8.00729E+13,,,,"[""https://s3.amazonaws.com/media.usepepper.com/suppliers/cd7e83da-61a6-45c3-9a43-db0a83bd04fa/items/eda4a062-1896-4f5c-8dca-e56e538156ab.png""]",,,,,,,Fruits & Vegetables,Vegetables,Tomato,,,,Ace Endico,,,Food
Marinara Sauce,"Brand: REDPACK
CASE | 6 x 105 OZ",,,651329,6f082531-3a0b-4235-8767-9d459e3e0d65,EACH,,CASE,,3.00729E+13,,,,"[""https://s3.amazonaws.com/media.usepepper.com/suppliers/cd7e83da-61a6-45c3-9a43-db0a83bd04fa/items/4f38489b-9b75-55bb-a132-c6e0d7230755.jpg""]",,,,,,,Fruits & Vegetables,Vegetables,Tomato,,,,Ace Endico,,,Food
Marinara Sauce,"Brand: SCLAFANI
CASE | 12 x 32 OZ",,,798357,5bf5590b-6d45-474a-bc21-77a2fd9bc14c,EACH,,CASE,,,,,,"[""https://s3.amazonaws.com/media.usepepper.com/suppliers/cd7e83da-61a6-45c3-9a43-db0a83bd04fa/items/92400b22-a055-5537-94a4-bf5629848b1b.jpg""]",,,,,,,Fruits & Vegetables,Vegetables,Tomato,,,,Ace Endico,,,Food
Marinara Sauce,"Brand: SCLAFANI
CASE | 12 x 16 OZ",,,798361,f4358c5c-9f4c-4c51-b743-a6990a47405c,EACH,,CASE,,,,,,"[""https://s3.amazonaws.com/media.usepepper.com/suppliers/cd7e83da-61a6-45c3-9a43-db0a83bd04fa/items/ec4b7e05-5f0a-5b10-a42f-13bd544dd4eb.jpg""]",,,,,,,Fruits & Vegetables,Vegetables,Tomato,,,,Ace Endico,,,Food
Marinara Sauce,"Brand: FULL RED
CASE | 6 x #10",,,798490,2f48e172-d965-4355-8088-26ce2984864d,EACH,,CASE,,,,,,"[""https://s3.amazonaws.com/media.usepepper.com/suppliers/cd7e83da-61a6-45c3-9a43-db0a83bd04fa/items/811db6e8-5c45-5ae2-ad7b-db94bd9f7c30.jpg""]",,,,,,,Fruits & Vegetables,Vegetables,Tomato,,,,Ace Endico,,,Food
Marinara Sauce,"Brand: CONTE
CASE | 6 x #10",,,798511,c4f84454-73b2-48c8-a67b-db11c7052752,EACH,,CASE,,41188103350,,,,"[""https://s3.amazonaws.com/media.usepepper.com/suppliers/cd7e83da-61a6-45c3-9a43-db0a83bd04fa/items/fe94c0d9-24d7-5b3e-8568-3d4cc59d0f4a.jpg""]",,,,,,,Fruits & Vegetables,Vegetables,Tomato,,,,Ace Endico,,,Food
Marinara Sauce,"Brand: CHEF JOHN
CASE | 6 x #10",,,798547,e5ebc9de-4f62-45f6-96d4-ca7ed324d238,EACH,,CASE,,,,,,"[""https://s3.amazonaws.com/media.usepepper.com/suppliers/cd7e83da-61a6-45c3-9a43-db0a83bd04fa/items/93b26c13-de88-5391-a659-27ec0e3bfccc.jpg""]",,,,,,,Fruits & Vegetables,Vegetables,Tomato,,,,Ace Endico,,,Food
Marinara Sauce,"Brand: COLAVITA
CASE | 16 x 13.26 OZ
EACH | 1 x 13.26 OZ",,,447721,f0ff9c71-8fb9-4b1c-b10c-af4484fc42e5,,,EACH,,39153500174,,,,"[""https://s3.amazonaws.com/media.usepepper.com/suppliers/cd7e83da-61a6-45c3-9a43-db0a83bd04fa/items/81d75063-5c04-509a-a52a-b6c1f7088eb2.jpg""]",,,,,,,Fruits & Vegetables,Vegetables,Tomato,,,,Ace Endico,,,Food
Marinara Style Tomato Calif,"Brand: SASSONE
CASE | 6 x #10",,,668702,a4c81080-218b-47c6-86dd-e169b1ec6bbd,EACH,,CASE,,,,,,"[""https://s3.amazonaws.com/media.usepepper.com/suppliers/cd7e83da-61a6-45c3-9a43-db0a83bd04fa/items/1c8d308c-6c73-5bf8-893b-938e71eecdc5.jpg""]",,,,,,,Fruits & Vegetables,Vegetables,Tomato,,,,Ace Endico,,,Food
Marinated Sun Dired Tomatoes,"Brand: NORPACO
CASE | 4 x 2.5 LB
EACH | 1 x 2.5 LB",,,800540,1832d41f-2c77-4495-914f-5b38835c7dc6,EACH,,CASE,,,,,,"[""https://s3.amazonaws.com/media.usepepper.com/suppliers/cd7e83da-61a6-45c3-9a43-db0a83bd04fa/items/56d0a857-954d-51ff-8c36-9a575a84710d.jpg""]",,,,,,,Fruits & Vegetables,Vegetables,Tomato,Red Tomato,,,Ace Endico,,,Food
Marinated Sun Dired Tomatoes,"Brand: NORPACO
CASE | 4 x 2.5 LB
EACH | 1 x 2.5 LB",,,800540,9707142b-8303-47af-9849-3117e3c6e047,,,EACH,,,,,,"[""https://s3.amazonaws.com/media.usepepper.com/suppliers/cd7e83da-61a6-45c3-9a43-db0a83bd04fa/items/56d0a857-954d-51ff-8c36-9a575a84710d.jpg""]",,,,,,,Fruits & Vegetables,Vegetables,Tomato,Red Tomato,,,Ace Endico,,,Food
Matriciana Pomodoro Sauce,"Brand: SASSONE
CASE | 6 x #10",,,668704,8eaf3509-d6ed-4684-a25d-4fd0505e40ad,EACH,,CASE,,,,,,"[""https://s3.amazonaws.com/media.usepepper.com/suppliers/cd7e83da-61a6-45c3-9a43-db0a83bd04fa/items/9378f1c7-b64c-5ab6-99be-da53560b470e.jpg""]",,,,,,,Fruits & Vegetables,Vegetables,Tomato,,,,Ace Endico,,,Food
Napoli Basil & Olive Oil Pizza Sauce,"Brand: MUTTI
EACH | 1 x 14 OZ
CASE | 6 x 14 OZ",,,982529,7d2576ba-9c9e-4077-abf2-e27992b5e9bf,EACH,,CASE,,,,,,"[""https://s3.amazonaws.com/media.usepepper.com/suppliers/cd7e83da-61a6-45c3-9a43-db0a83bd04fa/items/2f526f27-7317-5c4f-98b6-403aeb42ef35.jpg""]",,,,,,,Fruits & Vegetables,Vegetables,Tomato,,,,Ace Endico,,,Food
Napoli Basil & Olive Oil Pizza Sauce,"Brand: MUTTI
EACH | 1 x 14 OZ
CASE | 6 x 14 OZ",,,982529,079e60b2-dc94-4320-b39b-4f1381aecda5,,,EACH,,,,,,"[""https://s3.amazonaws.com/media.usepepper.com/suppliers/cd7e83da-61a6-45c3-9a43-db0a83bd04fa/items/2f526f27-7317-5c4f-98b6-403aeb42ef35.jpg""]",,,,,,,Fruits & Vegetables,Vegetables,Tomato,,,,Ace Endico,,,Food
New Pear Peeled Tomato,"Brand: SASSONE
CASE | 6 x #10",,,668705,85cf291a-8316-4195-96ab-5adbae1ad34a,EACH,,CASE,,,,,,"[""https://s3.amazonaws.com/media.usepepper.com/suppliers/cd7e83da-61a6-45c3-9a43-db0a83bd04fa/items/581a1fdc-4436-55bb-9dd3-830d03a95457.jpg""]",,,,,,,Fruits & Vegetables,Vegetables,Tomato,Peeled Tomato,,,Ace Endico,,,Food
Organic Chopped Italian Tomatoes,"Brand: LA FEDE
CASE | 12 x 28 OZ
EACH | 1 x 28 OZ",,,983141,242099d8-f9a8-4708-95a6-66655ba85c45,EACH,,CASE,,,,,,"[""https://s3.amazonaws.com/media.usepepper.com/suppliers/cd7e83da-61a6-45c3-9a43-db0a83bd04fa/items/3a4a483f-8239-5c10-ad48-c20a55ddc581.jpg""]",,,,,,,Fruits & Vegetables,Vegetables,Tomato,,,,Ace Endico,,,Food
Organic Chopped Italian Tomatoes,"Brand: LA FEDE
CASE | 12 x 28 OZ
EACH | 1 x 28 OZ",,,983141,b9f821db-46e4-47d1-a259-ef0a48ec8d65,,,EACH,,,,,,"[""https://s3.amazonaws.com/media.usepepper.com/suppliers/cd7e83da-61a6-45c3-9a43-db0a83bd04fa/items/3a4a483f-8239-5c10-ad48-c20a55ddc581.jpg""]",,,,,,,Fruits & Vegetables,Vegetables,Tomato,,,,Ace Endico,,,Food
Organic Crushed Tomatoes,"Brand: BIANCO DINAPOL
CASE | 6 x 28 OZ",,,983148,e264799a-9aeb-4654-b8a7-df8da1ad23e6,EACH,,CASE,,,,,,"[""https://s3.amazonaws.com/media.usepepper.com/suppliers/cd7e83da-61a6-45c3-9a43-db0a83bd04fa/items/4adbcc63-1d2c-561e-965e-7cb7b433dc64.jpg""]",,,,,,,Fruits & Vegetables,Vegetables,Tomato,Crushed Tomato,,,Ace Endico,,,Food
Organic Crushed Tomato with Puree,"Brand: BIANCO DINAPOL
CASE | 6 x #10 CAN",,,983144,391f3f58-dccc-4844-9efd-7b6b8daa08e6,EACH,,CASE,,,,,,"[""https://s3.amazonaws.com/media.usepepper.com/suppliers/cd7e83da-61a6-45c3-9a43-db0a83bd04fa/items/555c3d49-99fb-544f-a71b-1fd1bc9739b2.jpg""]",,,,,,,Fruits & Vegetables,Vegetables,Tomato,Crushed Tomato,,,Ace Endico,,,Food
Organic New York Style Pizza Sauce,"Brand: BIANCO DINAPOL
CASE | 8 x 15 OZ
EACH | 1 x 15 OZ",,,557579,b6bc6b01-9db8-48f8-86b8-b64d3f3ef9e1,EACH,,CASE,,,,,,,,,,,,,Fruits & Vegetables,Vegetables,Tomato,,,,Ace Endico,,,Food
Organic New York Style Pizza Sauce,"Brand: BIANCO DINAPOL
CASE | 8 x 15 OZ
EACH | 1 x 15 OZ",,,557579,eaf892a2-2cee-466e-ab7b-a10908bc5db7,,,EACH,,,,,,,,,,,,,Fruits & Vegetables,Vegetables,Tomato,,,,Ace Endico,,,Food
Organic Peeled Italian Tomatoes,"Brand: LA FEDE
CASE | 12 x 28 OZ",,,983149,bc2c5f1b-5a35-40ed-893a-7201fd01c7e5,EACH,,CASE,,,,,,"[""https://s3.amazonaws.com/media.usepepper.com/suppliers/cd7e83da-61a6-45c3-9a43-db0a83bd04fa/items/26b39274-2390-5f30-9bc8-477984bbd9c9.jpg""]",,,,,,,Fruits & Vegetables,Vegetables,Tomato,,,,Ace Endico,,,Food
Organic Peeled Italian Tomatoes,"Brand: LA FEDE
CASE | 6 x #10",,,983161,db2a59e3-a689-4da2-a71b-df1758172ae3,EACH,,CASE,,,,,,"[""https://s3.amazonaws.com/media.usepepper.com/suppliers/cd7e83da-61a6-45c3-9a43-db0a83bd04fa/items/a34a28f8-6644-55e5-a998-4c558ccdae4f.jpg""]",,,,,,,Fruits & Vegetables,Vegetables,Tomato,,,,Ace Endico,,,Food
Organic Rustic Crushed Tomatoes,"Brand: BIANCO DINAPOL
CASE | 6 x #10",,,983137,19ec20d1-8709-478e-b231-3c2c24837e02,EACH,,CASE,,,,,,"[""https://s3.amazonaws.com/media.usepepper.com/suppliers/cd7e83da-61a6-45c3-9a43-db0a83bd04fa/items/0fb1ac84-61df-5502-ae7c-cf23b014a01a.jpg""]",,,,,,,Fruits & Vegetables,Vegetables,Tomato,Crushed Tomato,,,Ace Endico,,,Food
Organic Tomato Sauce,"Brand: BIANCO DINAPOL
CASE | 6 x #10",,,447578,964e791a-9a42-400f-bea7-5b0c2c3bf71a,EACH,,CASE,,8.55615E+11,,,,"[""https://s3.amazonaws.com/media.usepepper.com/suppliers/cd7e83da-61a6-45c3-9a43-db0a83bd04fa/items/e4644355-ab94-5b9a-baaa-16e171e47699.jpg""]",,,,,,,Fruits & Vegetables,Vegetables,Tomato,,,,Ace Endico,,,Food
Organic Whole Peeled Tomato,"Brand: MUIR GLEN
CASE | 6 x 102 OZ",,,982588,4b3b0376-836c-4f18-aa07-919ddd41ef33,EACH,,CASE,,1.07253E+13,,,,"[""https://s3.amazonaws.com/media.usepepper.com/suppliers/cd7e83da-61a6-45c3-9a43-db0a83bd04fa/items/3896d828-706a-58b9-a0ea-cb6c439595dc.jpg""]",,,,,,,Fruits & Vegetables,Vegetables,Tomato,Peeled Tomato,,,Ace Endico,,,Food
Organic Whole Peeled Tomato,"Brand: BIANCO DINAPOL
CASE | 6 x 28 OZ",,,983147,84290960-ae6a-4f45-b508-1968932fbf5e,EACH,,CASE,,,,,,"[""https://s3.amazonaws.com/media.usepepper.com/suppliers/cd7e83da-61a6-45c3-9a43-db0a83bd04fa/items/74fdb071-e3a7-5da3-8375-da3c73cdb833.jpg""]",,,,,,,Fruits & Vegetables,Vegetables,Tomato,Peeled Tomato,,,Ace Endico,,,Food
Organic Whole Peeled Tomatoes,"Brand: BIANCO DINAPOL
CASE | 6 x #10",,,983134,5ca0fe13-739b-4e47-992a-3ac6fde83c82,EACH,,CASE,,,,,,"[""https://s3.amazonaws.com/media.usepepper.com/suppliers/cd7e83da-61a6-45c3-9a43-db0a83bd04fa/items/eca52290-14a9-5755-acfa-fbac547faee9.jpg""]",,,,,,,Fruits & Vegetables,Vegetables,Tomato,Peeled Tomato,,,Ace Endico,,,Food
Original Marinara Sauce,"Brand: CARMINE'S
CASE | 6 x 32 OZ",,,304777,df1c492a-d70f-4c08-94c7-802afe4b9e3d,EACH,,CASE,,,,,,"[""https://s3.amazonaws.com/media.usepepper.com/suppliers/cd7e83da-61a6-45c3-9a43-db0a83bd04fa/items/d889231b-d009-51bf-94c0-9c1cb8a65c26.jpg""]",,,,,,,Fruits & Vegetables,Vegetables,Tomato,,,,Ace Endico,,,Food
* Oven Roasted Red Tomatoes,"Brand: ROLAND
CASE | 6 x 32 OZ",,,729001,97808869-65df-4e36-9d9b-7ffec389fab6,EACH,,CASE,,1.00412E+13,,,,"[""https://s3.amazonaws.com/media.usepepper.com/suppliers/cd7e83da-61a6-45c3-9a43-db0a83bd04fa/items/d33aa4e7-c96d-52e7-a6b2-bd8eb511c60c.jpg""]",,,,,,,Fruits & Vegetables,Vegetables,Tomato,Red Tomato,,,Ace Endico,,,Food
Parma Parmigiano Reggiano Pizza Sauce,"Brand: MUTTI
CASE | 6 x 14 OZ",,,982527,110b8173-c493-450f-af57-828958bbb772,EACH,,CASE,,,,,,"[""https://s3.amazonaws.com/media.usepepper.com/suppliers/cd7e83da-61a6-45c3-9a43-db0a83bd04fa/items/9608daad-dbc9-591a-b9c8-b8ed741cbbbe.jpg""]",,,,,,,Fruits & Vegetables,Vegetables,Tomato,,,,Ace Endico,,,Food
Passata Rustica Chunky Tomato,"Brand: LA FEDE
CASE | 12 x 24.3 OZ",,,797846,b502385a-4f13-41f9-abf3-198c251770ec,EACH,,CASE,,,,,,"[""https://s3.amazonaws.com/media.usepepper.com/suppliers/cd7e83da-61a6-45c3-9a43-db0a83bd04fa/items/de8668e3-8039-53cb-bc41-c5304ecda2fb.jpg""]",,,,,,,Fruits & Vegetables,Vegetables,Tomato,,,,Ace Endico,,,Food
Passata Tomato Puree,"Brand: MUTTI
CASE | 12 x 24.5 OZ",,,982503,e5736659-2d1c-4a82-aa8c-0349cbe4d04c,EACH,,CASE,,,,,,"[""https://s3.amazonaws.com/media.usepepper.com/suppliers/cd7e83da-61a6-45c3-9a43-db0a83bd04fa/items/6d98c7d2-4069-59c3-998f-fac2bdae5f12.jpg""]",,,,,,,Fruits & Vegetables,Vegetables,Tomato,,,,Ace Endico,,,Food
Passata Tomato Puree Pouch,"Brand: MUTTI
CASE | 3 x 6.625 LB",,,982509,f362f7ca-851f-4b3d-aae8-ce52bc5485fb,EACH,,CASE,,,,,,"[""https://s3.amazonaws.com/media.usepepper.com/suppliers/cd7e83da-61a6-45c3-9a43-db0a83bd04fa/items/4dc81483-661f-5542-a2d5-2666940afc12.jpg""]",,,,,,,Fruits & Vegetables,Vegetables,Tomato,,,,Ace Endico,,,Food
Peeled Datterini Tomatoes,"Brand: CIAO
CASE | 6 x 3 KG",,,982782,0addd227-174d-47c1-8614-3f32c37a51a5,EACH,,CASE,,,,,,"[""https://s3.amazonaws.com/media.usepepper.com/suppliers/cd7e83da-61a6-45c3-9a43-db0a83bd04fa/items/96c1d0c9-f6fe-5874-9996-24bf7b0e0558.jpg""]",,,,,,,Fruits & Vegetables,Vegetables,Tomato,,,,Ace Endico,,,Food
Peeled Ground Tomatoes,"Brand: TOMATO MAGIC
CASE | 6 x #10",,,798330,cbea8b2c-672e-4dcb-b8e0-0389b3f663c3,EACH,,CASE,,,,,,"[""https://s3.amazonaws.com/media.usepepper.com/suppliers/cd7e83da-61a6-45c3-9a43-db0a83bd04fa/items/52a67fc0-37b4-53e2-ae0b-a7cc213f4d86.jpg""]",,,,,,,Fruits & Vegetables,Vegetables,Tomato,Ground Tomato,,,Ace Endico,,,Food
Peeled Plum Tomato,"Brand: ALTA CUCINA
CASE | 6 x #10",,,982580,71c036f9-1318-4992-a9db-175f56038c4c,EACH,,CASE,,,,,,"[""https://s3.amazonaws.com/media.usepepper.com/suppliers/cd7e83da-61a6-45c3-9a43-db0a83bd04fa/items/a7642fe3-c667-579e-8227-d81e2c0e653d.jpg""]",,,,,,,Fruits & Vegetables,Vegetables,Tomato,Plum Tomato,,,Ace Endico,,,Food
Peeled San Marzano DOP Tomatoes,"Brand: REGA
CASE | 12 x 28 OZ",,,797865,613565cf-d183-449d-a602-db8bdfd2d4d7,EACH,,CASE,,8.00091E+11,,,,"[""https://s3.amazonaws.com/media.usepepper.com/suppliers/cd7e83da-61a6-45c3-9a43-db0a83bd04fa/items/b041708d-38a7-5bf1-966e-c260e86ecc4f.jpg""]",,,,,,,Fruits & Vegetables,Vegetables,Tomato,,,,Ace Endico,,,Food
Peeled tomato Filets 74-40,"Brand: 74-40
CASE | 6 x #10",,,798319,259bf329-6efd-420e-be09-0a9d7fc31586,EACH,,CASE,,,,,,"[""https://s3.amazonaws.com/media.usepepper.com/suppliers/cd7e83da-61a6-45c3-9a43-db0a83bd04fa/items/a10f0cc3-de83-50b4-85ca-02de28323ee1.jpg""]",,,,,,,Fruits & Vegetables,Vegetables,Tomato,Peeled Tomato,,,Ace Endico,,,Food
Peeled Tomato Italian,"Brand: VIAGGIO
CASE | 6 x #10",,,668709,5633d446-edc5-4b1f-8f54-49347783a455,EACH,,CASE,,,,,,,,,,,,,Fruits & Vegetables,Vegetables,Tomato,Peeled Tomato,,,Ace Endico,,,Food
Peeled Yellow Plum Tomatoes,"Brand: LAVALLE
CASE | 24 x 14 OZ",,,982483,25552153-26dd-4e1c-93ee-07738e76f804,EACH,,CASE,,,,,,"[""https://s3.amazonaws.com/media.usepepper.com/suppliers/cd7e83da-61a6-45c3-9a43-db0a83bd04fa/items/30c8b91d-c219-4e39-b7c8-ac7ada91718d.png""]",,,,,,,Fruits & Vegetables,Vegetables,Tomato,Plum Tomato,,,Ace Endico,,,Food
Pizza Sauce,"Brand: DON PEPINO
CASE | 6 x #10",,,798606,1d7fea6a-2bac-4955-bdcb-e25374ddbfc6,EACH,,CASE,,2.00303E+13,,,,"[""https://s3.amazonaws.com/media.usepepper.com/suppliers/cd7e83da-61a6-45c3-9a43-db0a83bd04fa/items/a81216be-f4a5-45de-b69a-2d845659fb7b.png""]",,,,,,,Fruits & Vegetables,Vegetables,Tomato,,,,Ace Endico,,,Food
Pizza Sauce,"Brand: DON PEPINO
CASE | 12 x 14.5 OZ",,,798902,18b6d82b-a0df-4cf3-a9b2-3d19f7a372e9,EACH,,CASE,,,,,,"[""https://s3.amazonaws.com/media.usepepper.com/suppliers/cd7e83da-61a6-45c3-9a43-db0a83bd04fa/items/18e004a6-d05a-5792-b33c-f636edc276ca.jpg""]",,,,,,,Fruits & Vegetables,Vegetables,Tomato,,,,Ace Endico,,,Food
Pizza Sauce Authentica Ready To Use,"Brand: CIAO
CASE | 6 x #10 CAN",,,798147,55356d3a-564c-47d1-a07b-4e98a9fbdadd,EACH,,CASE,,,,,,"[""https://s3.amazonaws.com/media.usepepper.com/suppliers/cd7e83da-61a6-45c3-9a43-db0a83bd04fa/items/229414e1-63bb-5fc6-9f1d-f1365bf6e1ed.jpg""]",,,,,,,Fruits & Vegetables,Vegetables,Tomato,,,,Ace Endico,,,Food
Pizza Sauce with Basil,"Brand: BONTA
CASE | 6 x #10",,,798809,4607611f-3e8e-4e93-b7ba-926ea89c014f,EACH,,CASE,,1.00785E+13,,,,"[""https://s3.amazonaws.com/media.usepepper.com/suppliers/cd7e83da-61a6-45c3-9a43-db0a83bd04fa/items/3efcf71e-ff8c-454c-83ae-227c05ef67ad.jpg""]",,,,,,,Fruits & Vegetables,Vegetables,Tomato,,,,Ace Endico,,,Food
Pizza Sauce with Basil,"Brand: FULL RED
CASE | 6 x #10",,,798870,cb2dc11c-b1a2-4ad1-91d1-536de09c46e5,EACH,,CASE,,,,,,"[""https://s3.amazonaws.com/media.usepepper.com/suppliers/cd7e83da-61a6-45c3-9a43-db0a83bd04fa/items/1db2665f-deee-57aa-9e86-13629bdfe139.jpg""]",,,,,,,Fruits & Vegetables,Vegetables,Tomato,,,,Ace Endico,,,Food
Plain Spaghetti Sauce,"Brand: PACKER
EACH | 1 x 24 OZ
CASE | 12 x 24 OZ",,,304063,d6c9fccf-dbbd-4d27-9526-766a8a904616,EACH,,CASE,,,,,,"[""https://s3.amazonaws.com/media.usepepper.com/suppliers/cd7e83da-61a6-45c3-9a43-db0a83bd04fa/items/1d05cf19-a80b-5a88-b5b9-19c26af70cbb.jpg""]",,,,,,,Fruits & Vegetables,Vegetables,Tomato,,,,Ace Endico,,,Food
Plain Spaghetti Sauce,"Brand: PACKER
EACH | 1 x 24 OZ
CASE | 12 x 24 OZ",,,304063,762ee829-2593-4b45-85e8-550b517fb418,,,EACH,,,,,,"[""https://s3.amazonaws.com/media.usepepper.com/suppliers/cd7e83da-61a6-45c3-9a43-db0a83bd04fa/items/1d05cf19-a80b-5a88-b5b9-19c26af70cbb.jpg""]",,,,,,,Fruits & Vegetables,Vegetables,Tomato,,,,Ace Endico,,,Food
Plain Traditional Pasta Sauce,"Brand: RAGU
EACH | 1 x 24 OZ
CASE | 12 x 24 OZ",,,304072,3fa4e32d-9577-4588-aa6a-d06464ffaabf,EACH,,CASE,,,,,,"[""https://s3.amazonaws.com/media.usepepper.com/suppliers/cd7e83da-61a6-45c3-9a43-db0a83bd04fa/items/5808756a-0462-41fa-8611-10a593454587.jpg""]",,,,,,,Fruits & Vegetables,Vegetables,Tomato,,,,Ace Endico,,,Food
Plain Traditional Pasta Sauce,"Brand: RAGU
EACH | 1 x 24 OZ
CASE | 12 x 24 OZ",,,304072,36dbf628-e7c4-41a8-ba09-ec67d813ef96,,,EACH,,,,,,"[""https://s3.amazonaws.com/media.usepepper.com/suppliers/cd7e83da-61a6-45c3-9a43-db0a83bd04fa/items/9b9478ec-300d-44c7-89f1-04f3195a5ae7.jpg""]",,,,,,,Fruits & Vegetables,Vegetables,Tomato,,,,Ace Endico,,,Food
Pomi Strained Tomatoes,"Brand: POMI
CASE | 12 x 26.46 OZ",,,797845,4b98c115-6999-4309-9a9d-7eb465c9da23,EACH,,CASE,,84655800043,,,,"[""https://s3.amazonaws.com/media.usepepper.com/suppliers/cd7e83da-61a6-45c3-9a43-db0a83bd04fa/items/510c565d-2934-5f3a-8de6-77c27e68e618.jpg""]",,,,,,,Fruits & Vegetables,Vegetables,Tomato,,,,Ace Endico,,,Food
Pomodorina Sauce,"Brand: MENU
CASE | 6 x 2.6 KG",,,748549,657e59ad-ceaa-4dec-8b30-593b597d12df,EACH,,CASE,,1.08775E+13,,,,"[""https://s3.amazonaws.com/media.usepepper.com/suppliers/cd7e83da-61a6-45c3-9a43-db0a83bd04fa/items/e92a082e-7179-54a3-9543-cf007ca9dcde.jpg""]",,,,,,,Fruits & Vegetables,Vegetables,Tomato,,,,Ace Endico,,,Food
Pomodorini Cherry Tomatoes,"Brand: LAVALLE
CASE | 6 x 3 KG",,,982776,1f06f0d0-87d1-4689-b0f0-fa5eac1c3d62,EACH,,CASE,,,,,,"[""https://s3.amazonaws.com/media.usepepper.com/suppliers/cd7e83da-61a6-45c3-9a43-db0a83bd04fa/items/a06b9b06-1fe9-4df6-8133-e5eb85a0b80f.png""]",,,,,,,Fruits & Vegetables,Vegetables,Tomato,Cherry Tomato,,,Ace Endico,,,Food
Pomodorini Cherry Tomatoes,"Brand: LA FEDE
CASE | 24 x 14 OZ",,,982886,555104aa-6849-4d21-b35b-36c6f3581559,EACH,,CASE,,,,,,"[""https://s3.amazonaws.com/media.usepepper.com/suppliers/cd7e83da-61a6-45c3-9a43-db0a83bd04fa/items/3309f5fc-7000-5b6c-94ca-823971583f42.jpg""]",,,,,,,Fruits & Vegetables,Vegetables,Tomato,Cherry Tomato,,,Ace Endico,,,Food
Positano Garlic & Oregano Pizza Sauce,"Brand: MUTTI
CASE | 6 x 14 OZ",,,982525,c1636dba-c136-4a8c-9335-ccc14af68173,EACH,,CASE,,,,,,"[""https://s3.amazonaws.com/media.usepepper.com/suppliers/cd7e83da-61a6-45c3-9a43-db0a83bd04fa/items/06d3f9a2-560c-58ba-8f0b-4c488fe48a7d.jpg""]",,,,,,,Fruits & Vegetables,Vegetables,Tomato,,,,Ace Endico,,,Food
Premium Tomato Pasta Sauce,"Brand: AL DENTE
CASE | 6 x #10",,,799580,a59cbcd1-b9bf-4a72-bcac-a9eff0de3fc4,EACH,,CASE,,,,,,"[""https://s3.amazonaws.com/media.usepepper.com/suppliers/cd7e83da-61a6-45c3-9a43-db0a83bd04fa/items/b794d9e8-36da-54f6-b693-4cfcf5bdb63f.jpg""]",,,,,,,Fruits & Vegetables,Vegetables,Tomato,,,,Ace Endico,,,Food
Ready to Use Pasta Sauce,"Brand: MUTTI
CASE | 3 x 3000 GR",,,693015,872fe230-c2d4-4c97-bd8a-7f3582f9ba85,EACH,,CASE,,8.00511E+12,,,,"[""https://s3.amazonaws.com/media.usepepper.com/suppliers/cd7e83da-61a6-45c3-9a43-db0a83bd04fa/items/6dc377de-3472-5261-981b-55b56ac83d56.jpg""]",,,,,,,Fruits & Vegetables,Vegetables,Tomato,,,,Ace Endico,,,Food
Roasted Red Tomato Wedges,"Brand: DIVINA
EACH | 1 x 4 LB
CASE | 6 x 4 LB",,,729009,37d33bc7-63d4-4f7b-991c-28cfb095da98,EACH,,CASE,,,,,,"[""https://s3.amazonaws.com/media.usepepper.com/suppliers/cd7e83da-61a6-45c3-9a43-db0a83bd04fa/items/9b8e2295-21da-5871-b5d7-98603a52bed6.jpg""]",,,,,,,Fruits & Vegetables,Vegetables,Tomato,Red Tomato,,,Ace Endico,,,Food
Roasted Red Tomato Wedges,"Brand: DIVINA
EACH | 1 x 4 LB
CASE | 6 x 4 LB",,,729009,d6ad18c5-7762-42cf-89c4-641315cd4b60,,,EACH,,,,,,"[""https://s3.amazonaws.com/media.usepepper.com/suppliers/cd7e83da-61a6-45c3-9a43-db0a83bd04fa/items/9b8e2295-21da-5871-b5d7-98603a52bed6.jpg""]",,,,,,,Fruits & Vegetables,Vegetables,Tomato,Red Tomato,,,Ace Endico,,,Food
San Marzano DOP Tomatoes,"Brand: LA FEDE
CASE | 12 x 28 OZ",,,798098,53193999-6a5e-46a0-9053-3bdc4f736d3c,EACH,,CASE,,,,,,"[""https://s3.amazonaws.com/media.usepepper.com/suppliers/cd7e83da-61a6-45c3-9a43-db0a83bd04fa/items/70dc62d3-3262-5969-940c-7ffed94b8343.jpg""]",,,,,,,Fruits & Vegetables,Vegetables,Tomato,,,,Ace Endico,,,Food
San Marzano DOP Tomatoes,"Brand: LAVALLE
CASE | 6 x 3 KG",,,798230,dc5f5228-9e33-4b66-9bf3-3446dba6a7a2,EACH,,CASE,,,,,,"[""https://s3.amazonaws.com/media.usepepper.com/suppliers/cd7e83da-61a6-45c3-9a43-db0a83bd04fa/items/4e6ea5e2-ea10-4218-83c8-4a36f9b97abd.jpg""]",,,,,,,Fruits & Vegetables,Vegetables,Tomato,,,,Ace Endico,,,Food
San Marzano DOP Tomatoes,"Brand: LA FEDE
CASE | 6 x 3 KG",,,982210,3380e12f-8935-470c-b316-8a1a8ab83620,EACH,,CASE,,,,,,"[""https://s3.amazonaws.com/media.usepepper.com/suppliers/cd7e83da-61a6-45c3-9a43-db0a83bd04fa/items/dafb8702-2b0d-51b0-bbec-f26275bd1e35.jpg""]",,,,,,,Fruits & Vegetables,Vegetables,Tomato,,,,Ace Endico,,,Food
San Marzano DOP Tomatoes with Basil,"Brand: LAVALLE
CASE | 12 x 28 OZ",,,798223,90eb65ca-b651-4e02-a20b-6ec8ef19f8f4,EACH,,CASE,,,,,,"[""https://s3.amazonaws.com/media.usepepper.com/suppliers/cd7e83da-61a6-45c3-9a43-db0a83bd04fa/items/c94e9f46-4f48-58f7-9173-ed8e837056a7.jpg""]",,,,,,,Fruits & Vegetables,Vegetables,Tomato,,,,Ace Endico,,,Food
San Marzano Style Plum Tomato,"Brand: DINAPOLI
CASE | 6 x # 10",,,798227,80ab7b58-4531-4c54-981c-239ac1be11bb,EACH,,CASE,,70370001631,,,,"[""https://s3.amazonaws.com/media.usepepper.com/suppliers/cd7e83da-61a6-45c3-9a43-db0a83bd04fa/items/9a6c1a58-55be-5826-a5f8-7ecfabf3bf06.jpg""]",,,,,,,Fruits & Vegetables,Vegetables,Tomato,Plum Tomato,,,Ace Endico,,,Food
Semi Dried Cherry Tomato,"Brand: AGROMONTE
CASE | 2 x 3.1 KG",,,982504,2d44af51-b079-4054-a838-23503141ed6d,EACH,,CASE,,,,,,"[""https://s3.amazonaws.com/media.usepepper.com/suppliers/cd7e83da-61a6-45c3-9a43-db0a83bd04fa/items/14d5dc85-cae7-4d0c-9d29-fc80f929ac1e.jpeg""]",,,,,,,Fruits & Vegetables,Vegetables,Tomato,Cherry Tomato,,,Ace Endico,,,Food
Solid Pack Peeled Plum Tomato,"Brand: SASSONE
CASE | 6 x #10",,,668707,e2bf7069-98fb-4f3e-b284-ecac00215e7d,EACH,,CASE,,,,,,"[""https://s3.amazonaws.com/media.usepepper.com/suppliers/cd7e83da-61a6-45c3-9a43-db0a83bd04fa/items/fd7449b7-9b3c-594d-9310-a8020ce82ea5.jpg""]",,,,,,,Fruits & Vegetables,Vegetables,Tomato,Plum Tomato,,,Ace Endico,,,Food
Spagetti Sauce Al Rustica,"Brand: TRATTORIA
CASE | 6 x #10",,,799634,d9953d20-8e8e-42c6-81a2-1dea1a93608c,EACH,,CASE,,,,,,"[""https://s3.amazonaws.com/media.usepepper.com/suppliers/cd7e83da-61a6-45c3-9a43-db0a83bd04fa/items/ed831d24-606b-55e5-b8b2-ed3460aeb94c.jpg""]",,,,,,,Fruits & Vegetables,Vegetables,Tomato,,,,Ace Endico,,,Food
Spaghetti Sauce,"Brand: SCLAFANI
CASE | 12 x 16 OZ",,,798362,ab19cde7-ed91-42fc-8c0f-b41c0712dd2b,EACH,,CASE,,,,,,"[""https://s3.amazonaws.com/media.usepepper.com/suppliers/cd7e83da-61a6-45c3-9a43-db0a83bd04fa/items/67f01ea5-ddda-5de8-90be-01e8ecf44775.jpg""]",,,,,,,Fruits & Vegetables,Vegetables,Tomato,,,,Ace Endico,,,Food
Spaghetti Sauce,"Brand: SCLAFANI
CASE | 12 x 32 OZ",,,798365,a2decf76-f17a-48fa-b718-518c1ec74069,EACH,,CASE,,,,,,"[""https://s3.amazonaws.com/media.usepepper.com/suppliers/cd7e83da-61a6-45c3-9a43-db0a83bd04fa/items/ebab290b-819f-57af-8a72-c0422998dd7a.jpg""]",,,,,,,Fruits & Vegetables,Vegetables,Tomato,,,,Ace Endico,,,Food
Spaghetti Sauce,"Brand: ANGELA MIA
CASE | 6 x #10",,,799556,1084f703-30bd-4e3e-ade1-c632a0428522,EACH,,CASE,,2.0027E+13,,,,"[""https://s3.amazonaws.com/media.usepepper.com/suppliers/cd7e83da-61a6-45c3-9a43-db0a83bd04fa/items/1c036834-5644-4854-b8c5-351cddc21832.jpg""]",,,,,,,Fruits & Vegetables,Vegetables,Tomato,,,,Ace Endico,,,Food
Spaghetti Sauce,"Brand: ANGELA MIA
CASE | 6 x #10",,,799590,24b944b1-b197-4b2c-9955-0dc7126f2c07,EACH,,CASE,,1.0027E+13,,,,"[""https://s3.amazonaws.com/media.usepepper.com/suppliers/cd7e83da-61a6-45c3-9a43-db0a83bd04fa/items/4cb97c21-0262-4f7b-989a-884128ea1398.jpg""]",,,,,,,Fruits & Vegetables,Vegetables,Tomato,,,,Ace Endico,,,Food
Spaghetti Sauce,"Brand: FURMANO
CASE | 6 x #10",,,799601,cf4b78f3-c34a-44da-aa66-51ede53672aa,EACH,,CASE,,41188103770,,,,"[""https://s3.amazonaws.com/media.usepepper.com/suppliers/cd7e83da-61a6-45c3-9a43-db0a83bd04fa/items/e3a2558f-41c5-51a1-ab99-d1aaa87dac95.jpg""]",,,,,,,Fruits & Vegetables,Vegetables,Tomato,,,,Ace Endico,,,Food
Spaghetti Sauce,"Brand: CHEF JOHN
CASE | 6 x #10",,,799654,5ea5fc8e-459a-49f1-aa96-11974a09161d,EACH,,CASE,,,,,,"[""https://s3.amazonaws.com/media.usepepper.com/suppliers/cd7e83da-61a6-45c3-9a43-db0a83bd04fa/items/cb74dbce-cfca-44a2-af78-af70536ffe42.png""]",,,,,,,Fruits & Vegetables,Vegetables,Tomato,,,,Ace Endico,,,Food
Spanish Plum Tomato,"Brand: ORLANDO
CASE | 6 x #10",,,982690,64a45cae-ed40-4bce-a903-8873f6a505f9,EACH,,CASE,,,,,,"[""https://s3.amazonaws.com/media.usepepper.com/suppliers/cd7e83da-61a6-45c3-9a43-db0a83bd04fa/items/7df04376-01ca-5ac8-a746-3c86ceb737f2.jpg""]",,,,,,,Fruits & Vegetables,Vegetables,Tomato,Plum Tomato,,,Ace Endico,,,Food
Stewed Tomato,"Brand: ANGELA MIA
CASE | 6 x #10",,,799700,0eef7647-e81b-485d-9191-1286bca1bd66,EACH,,CASE,,1.0027E+13,,,,"[""https://s3.amazonaws.com/media.usepepper.com/suppliers/cd7e83da-61a6-45c3-9a43-db0a83bd04fa/items/638bf183-bff3-579b-9e18-29eb6fe68227.jpg""]",,,,,,,Fruits & Vegetables,Vegetables,Tomato,,,,Ace Endico,,,Food
Stewed Tomato,"Brand: FURMANOS
CASE | 6 x #10",,,799704,e2b78ab7-6d48-4d65-80fc-d46fddd0332e,EACH,,CASE,,41188104715,,,,"[""https://s3.amazonaws.com/media.usepepper.com/suppliers/cd7e83da-61a6-45c3-9a43-db0a83bd04fa/items/71ab1c19-0c75-5f6e-aa17-317d84f3ee60.jpg""]",,,,,,,Fruits & Vegetables,Vegetables,Tomato,,,,Ace Endico,,,Food
Sunday Dinner Pasta Sauce,"Brand: JERSEY ITALIAN
CASE | 12 x 24 OZ",,,748508,5964ea87-95fd-471b-8fca-2c554915bc5c,EACH,,CASE,,,,,,"[""https://s3.amazonaws.com/media.usepepper.com/suppliers/cd7e83da-61a6-45c3-9a43-db0a83bd04fa/items/176936ed-b0d1-5108-a6ff-8e7917f3f40a.jpg""]",,,,,,,Fruits & Vegetables,Vegetables,Tomato,,,,Ace Endico,,,Food
Sun Dried Sicilian Tomatoes,"Brand: LA FEDE
CASE | 10 x 200 GR (7.05oz)",,,415997,fe0e1410-f0e6-4277-8b8a-26f57a04e84e,EACH,,CASE,,,,,,"[""https://s3.amazonaws.com/media.usepepper.com/suppliers/cd7e83da-61a6-45c3-9a43-db0a83bd04fa/items/34e58513-90a2-4370-8bf1-cfeca2d0126f.jpeg""]",,,,,,,Fruits & Vegetables,Vegetables,Tomato,Sun Dried,,,Ace Endico,,,Food
Sundried Tomatoes,"Brand: SCLAFANI
EACH | 1 x 5 LB
CASE | 4 x 5 LB",,,798332,ddb91ed4-d542-4e55-b9cd-a7dbebc1ed9f,EACH,,CASE,,,,,,"[""https://s3.amazonaws.com/media.usepepper.com/suppliers/cd7e83da-61a6-45c3-9a43-db0a83bd04fa/items/0ca16baf-d8c2-5ad8-a94d-7814c2b5838e.jpg""]",,,,,,,Fruits & Vegetables,Vegetables,Tomato,,,,Ace Endico,,,Food
Sundried Tomatoes,"Brand: SCLAFANI
EACH | 1 x 5 LB
CASE | 4 x 5 LB",,,798332,3e29efaf-97f1-4c3e-83ff-68a8c8391eca,,,EACH,,,,,,"[""https://s3.amazonaws.com/media.usepepper.com/suppliers/cd7e83da-61a6-45c3-9a43-db0a83bd04fa/items/0ca16baf-d8c2-5ad8-a94d-7814c2b5838e.jpg""]",,,,,,,Fruits & Vegetables,Vegetables,Tomato,,,,Ace Endico,,,Food
Sundried Tomato in Oil Pouch,"Brand: D'AMICO
CASE | 6 x 3.5 LB
EACH | 1 x 3.5 LB",,,800546,6a15efcc-2917-4f16-8477-f20598e8c62d,EACH,,CASE,,,,,,,,,,,,,Fruits & Vegetables,Vegetables,Tomato,,,,Ace Endico,,,Food
Sundried Tomato in Oil Pouch,"Brand: D'AMICO
CASE | 6 x 3.5 LB
EACH | 1 x 3.5 LB",,,800546,865c4956-8148-479b-9195-eb386dd717eb,,,EACH,,,,,,,,,,,,,Fruits & Vegetables,Vegetables,Tomato,,,,Ace Endico,,,Food
Sundried Tomato Pesto in Extra Virgin Olive Oil,"Brand: COLAVITA
EACH | 1 x 4.76 OZ
CASE | 6 x 4.76 OZ",,,415927,79152e63-4966-42a7-872f-9ec487eb459d,EACH,,CASE,,39153200166,,,,"[""https://s3.amazonaws.com/media.usepepper.com/suppliers/cd7e83da-61a6-45c3-9a43-db0a83bd04fa/items/589c3759-6b3b-5f44-816c-40523aeb446c.jpg""]",,,,,,,Fruits & Vegetables,Vegetables,Tomato,,,,Ace Endico,,,Food
Sundried Tomato Pesto in Extra Virgin Olive Oil,"Brand: COLAVITA
EACH | 1 x 4.76 OZ
CASE | 6 x 4.76 OZ",,,415927,24248c15-e8f5-4bc9-a847-e529dec1126b,,,EACH,,39153200166,,,,"[""https://s3.amazonaws.com/media.usepepper.com/suppliers/cd7e83da-61a6-45c3-9a43-db0a83bd04fa/items/589c3759-6b3b-5f44-816c-40523aeb446c.jpg""]",,,,,,,Fruits & Vegetables,Vegetables,Tomato,,,,Ace Endico,,,Food
Sunpomo Semi-dried Tomatoes,"Brand: RENNA
CASE | 2 x 4.41 LB",,,415990,1c2c0eb6-d982-49ea-8466-ce0ae44c12e1,EACH,,CASE,,,,,,"[""https://s3.amazonaws.com/media.usepepper.com/suppliers/cd7e83da-61a6-45c3-9a43-db0a83bd04fa/items/064f73c7-9145-47fc-ad6e-7aee4b82874c.png""]",,,,,,,Fruits & Vegetables,Vegetables,Tomato,,,,Ace Endico,,,Food
Super Pizza Sauce California,"Brand: SASSONE
CASE | 6 x #10",,,668698,5875408c-5668-45f9-b0b0-460610131b22,EACH,,CASE,,,,,,"[""https://s3.amazonaws.com/media.usepepper.com/suppliers/cd7e83da-61a6-45c3-9a43-db0a83bd04fa/items/8fc8a704-6398-5611-ba34-8cfadf2ec4fa.jpg""]",,,,,,,Fruits & Vegetables,Vegetables,Tomato,,,,Ace Endico,,,Food
Sweet Pizza Sauce,"Brand: SUPER DOLCE
CASE | 6 x #10",,,798912,f41642a4-1e95-40ba-b2ba-937b3f86b978,EACH,,CASE,,,,,,"[""https://s3.amazonaws.com/media.usepepper.com/suppliers/cd7e83da-61a6-45c3-9a43-db0a83bd04fa/items/9c8080ea-f964-5fdf-8776-0028be4d98af.jpg""]",,,,,,,Fruits & Vegetables,Vegetables,Tomato,,,,Ace Endico,,,Food
Tomato Basil Pasta Sauce,"Brand: JERSEY ITALIAN
EACH | 1 x 24 OZ
CASE | 12 x 24 OZ",,,447574,106c8199-ef32-4565-9b13-f4634ff12f9a,EACH,,CASE,,7.82301E+11,,,,"[""https://s3.amazonaws.com/media.usepepper.com/suppliers/cd7e83da-61a6-45c3-9a43-db0a83bd04fa/items/977b146d-5bf5-543d-ae86-dc911fa210fc.jpg""]",,,,,,,Fruits & Vegetables,Vegetables,Tomato,,,,Ace Endico,,,Food
Tomato Basil Pasta Sauce,"Brand: LA FEDE
CASE | 6 x 24 OZ",,,447586,e626349d-0d67-499f-9067-d4f3e9e4cee7,EACH,,CASE,,,,,,"[""https://s3.amazonaws.com/media.usepepper.com/suppliers/cd7e83da-61a6-45c3-9a43-db0a83bd04fa/items/cc6d7dd8-ae40-4704-ba42-fa4c6dc709cb.jpg""]",,,,,,,Fruits & Vegetables,Vegetables,Tomato,,,,Ace Endico,,,Food
Tomato Basil Pasta Sauce,"Brand: JERSEY ITALIAN
EACH | 1 x 24 OZ
CASE | 12 x 24 OZ",,,447574,93fb57f7-e177-4332-b5c5-1b041982b08c,,,EACH,,7.82301E+11,,,,"[""https://s3.amazonaws.com/media.usepepper.com/suppliers/cd7e83da-61a6-45c3-9a43-db0a83bd04fa/items/977b146d-5bf5-543d-ae86-dc911fa210fc.jpg""]",,,,,,,Fruits & Vegetables,Vegetables,Tomato,,,,Ace Endico,,,Food
Tomato Basil Sauce,"Brand: PATSY'S
EACH | 1 x 24 OZ
CASE | 6 x 24 OZ",,,447572,03412915-c217-4089-a2c1-7fdd0334fa78,EACH,,CASE,,,,,,"[""https://s3.amazonaws.com/media.usepepper.com/suppliers/cd7e83da-61a6-45c3-9a43-db0a83bd04fa/items/ccc7a1ac-9e21-58ef-996e-7084f7816989.jpg""]",,,,,,,Fruits & Vegetables,Vegetables,Tomato,,,,Ace Endico,,,Food
Tomato Basil Sauce,"Brand: CARMINE'S
CASE | 6 x 24 OZ",,,447649,5dc840c3-cdd7-4b08-b376-e5868aade0ff,EACH,,CASE,,,,,,"[""https://s3.amazonaws.com/media.usepepper.com/suppliers/cd7e83da-61a6-45c3-9a43-db0a83bd04fa/items/756a2a4a-d212-4c7f-aac0-61f4d09bb2cd.png""]",,,,,,,Fruits & Vegetables,Vegetables,Tomato,,,,Ace Endico,,,Food
Tomato Basil Sauce,"Brand: SCLAFANI
CASE | 12 x 32 OZ",,,798358,35fd760a-98d3-4d02-9bda-5e6b2b6c41e5,EACH,,CASE,,,,,,"[""https://s3.amazonaws.com/media.usepepper.com/suppliers/cd7e83da-61a6-45c3-9a43-db0a83bd04fa/items/c7455031-9ec5-54b6-b06d-1ade09e6527a.jpg""]",,,,,,,Fruits & Vegetables,Vegetables,Tomato,,,,Ace Endico,,,Food
Tomato Basil Sauce,"Brand: PATSY'S
EACH | 1 x 24 OZ
CASE | 6 x 24 OZ",,,447572,e70f3cea-b816-4b89-afa6-1c9bca6f3897,,,EACH,,,,,,"[""https://s3.amazonaws.com/media.usepepper.com/suppliers/cd7e83da-61a6-45c3-9a43-db0a83bd04fa/items/ccc7a1ac-9e21-58ef-996e-7084f7816989.jpg""]",,,,,,,Fruits & Vegetables,Vegetables,Tomato,,,,Ace Endico,,,Food
TOMATOES CRUSHED NY,"Brand: HEADWATER
CASE | 12 x 16 OZ",,,614259,d932d9fc-43d9-464b-a394-fd071b3f6fdd,EACH,,CASE,,,,,,,,,,,,,Fruits & Vegetables,Vegetables,Tomato,,,,Ace Endico,,,Food
Tomato Marinara Sauce,"Brand: MUTTI
CASE | 6 x 24 OZ",,,982534,bcfee8b4-6c01-4b36-863b-61cae2b7d199,EACH,,CASE,,8.00511E+12,,,,"[""https://s3.amazonaws.com/media.usepepper.com/suppliers/cd7e83da-61a6-45c3-9a43-db0a83bd04fa/items/24017cd1-8fa7-5852-a018-6a4dcb90bf08.jpg""]",,,,,,,Fruits & Vegetables,Vegetables,Tomato,,,,Ace Endico,,,Food
Tomato Passata Di Pomodoro,"Brand: IL MULINO DIV
CASE | 6 x #10",,,635563,00462c06-c2ed-4f51-96c9-5ebd4eaffc80,EACH,,CASE,,,,,,,,,,,,,Fruits & Vegetables,Vegetables,Tomato,,,,Ace Endico,,,Food
* Tomato Paste,"Brand: HUNTS
CASE | 6 x #10",,,800090,01f84719-8039-4f67-9f0c-3ad412e02194,EACH,,CASE,,1.0027E+13,,,,"[""https://s3.amazonaws.com/media.usepepper.com/suppliers/cd7e83da-61a6-45c3-9a43-db0a83bd04fa/items/a794b5d9-32c9-59d0-8fba-6fcf0fac4bb1.jpg""]",,,,,,,Fruits & Vegetables,Vegetables,Tomato,,,,Ace Endico,,,Food
Tomato Paste,"Brand: SCLAFANI
CASE | 48 x 6 OZ",,,798329,65e21d45-c6e0-4e3d-b7d7-cd343fcc72ba,EACH,,CASE,,,,,,"[""https://s3.amazonaws.com/media.usepepper.com/suppliers/cd7e83da-61a6-45c3-9a43-db0a83bd04fa/items/269c9bfd-9fe4-5737-b0be-1431f4cef0ce.jpg""]",,,,,,,Fruits & Vegetables,Vegetables,Tomato,,,,Ace Endico,,,Food
Tomato Paste,"Brand: PASTENE
CASE | 12 x 12 OZ
EACH | 1 x 12 OZ",,,799892,2cc461b5-92b9-4e22-b66b-c1aed4d9a870,EACH,,CASE,,,,,,"[""https://s3.amazonaws.com/media.usepepper.com/suppliers/cd7e83da-61a6-45c3-9a43-db0a83bd04fa/items/8757d5b0-d86f-5f0b-814f-b70536f18a04.jpg""]",,,,,,,Fruits & Vegetables,Vegetables,Tomato,,,,Ace Endico,,,Food
Tomato Paste,"Brand: HEINZ
CASE | 6 x #10",,,799903,24722549-cd19-40a7-8074-58e86a704314,EACH,,CASE,,1.0013E+13,,,,"[""https://s3.amazonaws.com/media.usepepper.com/suppliers/cd7e83da-61a6-45c3-9a43-db0a83bd04fa/items/44372778-28b5-538b-9724-da1c4806374e.jpg""]",,,,,,,Fruits & Vegetables,Vegetables,Tomato,,,,Ace Endico,,,Food
Tomato Paste,"Brand: FULL RED
EACH | 1 x #10
CASE | 6 x #10",,,799920,6520f1d8-0d24-4b01-8788-b6b9c45d09c0,EACH,,CASE,,,,,,"[""https://s3.amazonaws.com/media.usepepper.com/suppliers/cd7e83da-61a6-45c3-9a43-db0a83bd04fa/items/d869ee2e-1c3c-5d98-bd50-94cc2bf00721.jpg""]",,,,,,,Fruits & Vegetables,Vegetables,Tomato,,,,Ace Endico,,,Food
Tomato Paste,"Brand: PASTENE
EACH | 1 x 6 OZ
CASE | 48 x 6 OZ",,,800060,c6bce335-4336-423f-ac4b-0e2fa04450e7,EACH,,CASE,,,,,,"[""https://s3.amazonaws.com/media.usepepper.com/suppliers/cd7e83da-61a6-45c3-9a43-db0a83bd04fa/items/bd312344-0dcc-521c-b309-8a3b80f877d1.jpg""]",,,,,,,Fruits & Vegetables,Vegetables,Tomato,,,,Ace Endico,,,Food
Tomato Paste,"Brand: PASTENE
CASE | 12 x 12 OZ
EACH | 1 x 12 OZ",,,799892,2f9ada3d-ef3c-4c7c-a227-cf35ea988271,,,EACH,,,,,,"[""https://s3.amazonaws.com/media.usepepper.com/suppliers/cd7e83da-61a6-45c3-9a43-db0a83bd04fa/items/8757d5b0-d86f-5f0b-814f-b70536f18a04.jpg""]",,,,,,,Fruits & Vegetables,Vegetables,Tomato,,,,Ace Endico,,,Food
Tomato Paste,"Brand: FULL RED
EACH | 1 x #10
CASE | 6 x #10",,,799920,3431a2e5-0e43-404f-93af-2555be0d0114,,,EACH,,,,,,"[""https://s3.amazonaws.com/media.usepepper.com/suppliers/cd7e83da-61a6-45c3-9a43-db0a83bd04fa/items/d869ee2e-1c3c-5d98-bd50-94cc2bf00721.jpg""]",,,,,,,Fruits & Vegetables,Vegetables,Tomato,,,,Ace Endico,,,Food
Tomato Paste,"Brand: PASTENE
EACH | 1 x 6 OZ
CASE | 48 x 6 OZ",,,800060,917695f8-d06e-4f2d-9cee-d3e67650efe2,,,EACH,,,,,,"[""https://s3.amazonaws.com/media.usepepper.com/suppliers/cd7e83da-61a6-45c3-9a43-db0a83bd04fa/items/bd312344-0dcc-521c-b309-8a3b80f877d1.jpg""]",,,,,,,Fruits & Vegetables,Vegetables,Tomato,,,,Ace Endico,,,Food
Tomato Paste in Tube,"Brand: MONTALE
CASE | 12 x 4.5 OZ TUBE",,,799885,17fdbaad-29de-4624-9372-e8ab87bd4ff6,EACH,,CASE,,,,,,"[""https://s3.amazonaws.com/media.usepepper.com/suppliers/cd7e83da-61a6-45c3-9a43-db0a83bd04fa/items/bbbc3c74-89df-5d02-be8e-2ffd650412e0.jpg""]",,,,,,,Fruits & Vegetables,Vegetables,Tomato,,,,Ace Endico,,,Food
Tomato Peeled Tin,"Brand: POSARDI
CASE | 6 x 90 OZ",,,982909,35b1835d-820c-4eae-9594-e1f67df66fba,EACH,,CASE,,,,,,"[""https://s3.amazonaws.com/media.usepepper.com/suppliers/cd7e83da-61a6-45c3-9a43-db0a83bd04fa/items/46380ab8-4d3a-5459-823a-b7d60da74f6d.jpg""]",,,,,,,Fruits & Vegetables,Vegetables,Tomato,,,,Ace Endico,,,Food
Tomato Peeled Tin Sardinia,"Brand: POSARDI
CASE | 12 x 28 OZ",,,982905,3220a9f1-5875-4583-a3bd-f6318de76d42,EACH,,CASE,,,,,,"[""https://s3.amazonaws.com/media.usepepper.com/suppliers/cd7e83da-61a6-45c3-9a43-db0a83bd04fa/items/1f03b82a-31f9-5489-9305-1dfd2193b4f3.jpg""]",,,,,,,Fruits & Vegetables,Vegetables,Tomato,,,,Ace Endico,,,Food
Tomato Puree,"Brand: LA FEDE
CASE | 12 x 28 OZ",,,798288,5f1f585d-ffd8-4fa4-a00f-458a0c709da4,EACH,,CASE,,,,,,"[""https://s3.amazonaws.com/media.usepepper.com/suppliers/cd7e83da-61a6-45c3-9a43-db0a83bd04fa/items/5f224f46-9a94-5b71-a21e-ac1f99d56824.jpg""]",,,,,,,Fruits & Vegetables,Vegetables,Tomato,,,,Ace Endico,,,Food
Tomato Puree,"Brand: PASTENE
EACH | 1 x 28 OZ
CASE | 12 x 28 OZ",,,798297,787fb216-94ff-4d8c-85d5-d4ac611b4d93,EACH,,CASE,,,,,,"[""https://s3.amazonaws.com/media.usepepper.com/suppliers/cd7e83da-61a6-45c3-9a43-db0a83bd04fa/items/54ecf38e-eaf9-5bda-b70f-16aeab447392.jpg""]",,,,,,,Fruits & Vegetables,Vegetables,Tomato,,,,Ace Endico,,,Food
Tomato Puree,"Brand: PASTENE
EACH | 1 x 28 OZ
CASE | 12 x 28 OZ",,,798297,9c0c1363-484f-4015-8877-dee0e66bf0e5,,,EACH,,,,,,"[""https://s3.amazonaws.com/media.usepepper.com/suppliers/cd7e83da-61a6-45c3-9a43-db0a83bd04fa/items/54ecf38e-eaf9-5bda-b70f-16aeab447392.jpg""]",,,,,,,Fruits & Vegetables,Vegetables,Tomato,,,,Ace Endico,,,Food
Tomato Puree 106oz,"Brand: FURMANO'S
CASE | 6 x #10",,,800153,7319761e-0ed7-4ba6-84c5-5e76b6dc4185,EACH,,CASE,,41188104531,,,,"[""https://s3.amazonaws.com/media.usepepper.com/suppliers/cd7e83da-61a6-45c3-9a43-db0a83bd04fa/items/57117fec-4c4f-5753-953a-cf4959d12216.jpg""]",,,,,,,Fruits & Vegetables,Vegetables,Tomato,,,,Ace Endico,,,Food
Tomato Puree 1.6,"Brand: SUZY BELL
CASE | 6 x #10",,,800230,c27cde0a-d288-41a0-8c42-8610d0b15dd5,EACH,,CASE,,,,,,"[""https://s3.amazonaws.com/media.usepepper.com/suppliers/cd7e83da-61a6-45c3-9a43-db0a83bd04fa/items/864cac4f-cd12-5236-8cf3-9cd1b75c2d2e.jpg""]",,,,,,,Fruits & Vegetables,Vegetables,Tomato,,,,Ace Endico,,,Food
Tomato Puree with Basil,"Brand: MUTTI
CASE | 12 x 24.5 OZ",,,982493,0c3ff2b5-4cba-4673-b9e8-e3c449d0d357,EACH,,CASE,,,,,,"[""https://s3.amazonaws.com/media.usepepper.com/suppliers/cd7e83da-61a6-45c3-9a43-db0a83bd04fa/items/9547cc0a-ef09-53a3-a51e-18cabae8df6e.jpg""]",,,,,,,Fruits & Vegetables,Vegetables,Tomato,,,,Ace Endico,,,Food
* Tomato Sauce,"Brand: HEINZ
CASE | 6 x #10",,,800279,f43dd96e-5343-4bc2-850d-1f9d93065fcf,EACH,,CASE,,1.0013E+13,,,,"[""https://s3.amazonaws.com/media.usepepper.com/suppliers/cd7e83da-61a6-45c3-9a43-db0a83bd04fa/items/6454335b-ac38-514d-b793-c380c7970c55.jpg""]",,,,,,,Fruits & Vegetables,Vegetables,Tomato,,,,Ace Endico,,,Food
Tomato Sauce,"Brand: PACKER
CASE | 24 x 15 OZ",,,195596,405f6ef9-d47a-4c56-8e95-15f65504c942,EACH,,CASE,,,,,,"[""https://s3.amazonaws.com/media.usepepper.com/suppliers/cd7e83da-61a6-45c3-9a43-db0a83bd04fa/items/199fec48-30ee-598e-ad8a-eb6293bf10cb.jpg""]",,,,,,,Fruits & Vegetables,Vegetables,Tomato,,,,Ace Endico,,,Food
Tomato Sauce,"Brand: FURMANO'S
CASE | 6 x #10 CANS",,,800268,77f8e3d1-7c15-4805-b68c-a5aa3db47571,EACH,,CASE,,41188122658,,,,"[""https://s3.amazonaws.com/media.usepepper.com/suppliers/cd7e83da-61a6-45c3-9a43-db0a83bd04fa/items/95abd91a-7b53-51c5-8bfa-7900148ca7ac.jpg""]",,,,,,,Fruits & Vegetables,Vegetables,Tomato,,,,Ace Endico,,,Food
Tomato Sauce,"Brand: CHEF JOHN
CASE | 6 x #10",,,800284,c690f477-f860-4971-b060-0679150ef1e8,EACH,,CASE,,,,,,"[""https://s3.amazonaws.com/media.usepepper.com/suppliers/cd7e83da-61a6-45c3-9a43-db0a83bd04fa/items/0242c554-104e-5919-b49d-da0080c20b86.jpg""]",,,,,,,Fruits & Vegetables,Vegetables,Tomato,,,,Ace Endico,,,Food
Tomato Sauce Pouch,"Brand: HEINZ
CASE | 6 x 105 OZ",,,800271,152ba453-a013-42bd-9a15-b1b2dd02cfa4,EACH,,CASE,,1.0013E+13,,,,"[""https://s3.amazonaws.com/media.usepepper.com/suppliers/cd7e83da-61a6-45c3-9a43-db0a83bd04fa/items/cf505b79-e7bc-419f-9a08-653aa7dd720f.jpg""]",,,,,,,Fruits & Vegetables,Vegetables,Tomato,,,,Ace Endico,,,Food
Tomato Sauce With Basil,"Brand: CARMINE'S
CASE | 6 x 32 OZ",,,447640,de401c77-7ad5-4f14-8e96-f16f747b3163,EACH,,CASE,,,,,,"[""https://s3.amazonaws.com/media.usepepper.com/suppliers/cd7e83da-61a6-45c3-9a43-db0a83bd04fa/items/e76a287d-02dc-55c7-9280-007a853d3b55.jpg""]",,,,,,,Fruits & Vegetables,Vegetables,Tomato,,,,Ace Endico,,,Food
Tomato Sauce with Basil & Oregano,"Brand: MUTTI
CASE | 12 x 14 OZ",,,982519,4412ad7a-2eb3-4533-821f-d14ea798a4b9,EACH,,CASE,,,,,,"[""https://s3.amazonaws.com/media.usepepper.com/suppliers/cd7e83da-61a6-45c3-9a43-db0a83bd04fa/items/06d0e2b6-e4ba-54f3-850f-4273137cf2d2.jpg""]",,,,,,,Fruits & Vegetables,Vegetables,Tomato,,,,Ace Endico,,,Food
Tomato Strips Peeled In Juice,"Brand: BELLA ROSSA
CASE | 6 x #10",,,982472,f3775a22-09e2-446b-9f9d-06283bdb24c9,EACH,,CASE,,1.00785E+13,,,,"[""https://s3.amazonaws.com/media.usepepper.com/suppliers/cd7e83da-61a6-45c3-9a43-db0a83bd04fa/items/535a6013-c537-52ee-b752-33d9bfb93db3.jpg""]",,,,,,,Fruits & Vegetables,Vegetables,Tomato,,,,Ace Endico,,,Food
Triple Concentrated Tomato Paste,"Brand: MUTTI
CASE | 12 x 6.25 OZ TUBE",,,982498,de3d5386-3326-4d5f-b8ce-d6a782bd7243,EACH,,CASE,,,,,,"[""https://s3.amazonaws.com/media.usepepper.com/suppliers/cd7e83da-61a6-45c3-9a43-db0a83bd04fa/items/ea5f272d-31c0-5957-a7e5-fbc926b908b4.jpg""]",,,,,,,Fruits & Vegetables,Vegetables,Tomato,,,,Ace Endico,,,Food
Tubed Tomato Paste,"Brand: MUTTI
CASE | 12 x 4.5 OZ",,,982501,bb45e010-c179-4ab7-a267-2f1b7b85eb72,EACH,,CASE,,,,,,"[""https://s3.amazonaws.com/media.usepepper.com/suppliers/cd7e83da-61a6-45c3-9a43-db0a83bd04fa/items/3c65d2b2-ec46-4684-99d1-8607f6b052a0.jpg""]",,,,,,,Fruits & Vegetables,Vegetables,Tomato,,,,Ace Endico,,,Food
Vodka Pasta Sauce,"Brand: LA FEDE
CASE | 6 x 24 OZ",,,447708,6e2769c5-006d-4195-b7c8-87265593c2ac,EACH,,CASE,,,,,,"[""https://s3.amazonaws.com/media.usepepper.com/suppliers/cd7e83da-61a6-45c3-9a43-db0a83bd04fa/items/03ce17a3-7ad7-5b81-bd38-098601cf7877.jpg""]",,,,,,,Fruits & Vegetables,Vegetables,Tomato,,,,Ace Endico,,,Food
Vodka Sauce,"Brand: CARMINE'S
CASE | 6 x 24 OZ",,,447644,c11baee7-2cf6-4463-a00b-89e0a1d8cd90,EACH,,CASE,,,,,,"[""https://s3.amazonaws.com/media.usepepper.com/suppliers/cd7e83da-61a6-45c3-9a43-db0a83bd04fa/items/8e393e9f-a9d8-4f9a-8298-1c2734e12369.png""]",,,,,,,Fruits & Vegetables,Vegetables,Tomato,,,,Ace Endico,,,Food
Vodka Sauce,"Brand: PATSY'S
CASE | 6 x 24 OZ
EACH | 1 x 24 OZ",,,447663,8733b6b4-5e68-40b6-9bfc-6590325bf534,EACH,,CASE,,,,,,"[""https://s3.amazonaws.com/media.usepepper.com/suppliers/cd7e83da-61a6-45c3-9a43-db0a83bd04fa/items/f76685f7-6caf-52c7-a03c-acf9b38a2a82.jpg""]",,,,,,,Fruits & Vegetables,Vegetables,Tomato,,,,Ace Endico,,,Food
Vodka Sauce,"Brand: JERSEY ITALIAN
CASE | 12 x 24 OZ",,,748505,63afc6bd-13ce-4c59-818b-db19d48dcf6b,EACH,,CASE,,,,,,"[""https://s3.amazonaws.com/media.usepepper.com/suppliers/cd7e83da-61a6-45c3-9a43-db0a83bd04fa/items/7708b8b6-7662-5ae3-8be1-70728fbb447b.jpg""]",,,,,,,Fruits & Vegetables,Vegetables,Tomato,,,,Ace Endico,,,Food
Vodka Sauce,"Brand: SCLAFANI
CASE | 12 x 32 OZ",,,798366,4ff81ffa-7723-46af-b4b1-266ff1a1f1b9,EACH,,CASE,,,,,,"[""https://s3.amazonaws.com/media.usepepper.com/suppliers/cd7e83da-61a6-45c3-9a43-db0a83bd04fa/items/16339aed-379b-5386-a1bb-8af6af3abebd.jpg""]",,,,,,,Fruits & Vegetables,Vegetables,Tomato,,,,Ace Endico,,,Food
Vodka Sauce,"Brand: PATSY'S
CASE | 6 x 24 OZ
EACH | 1 x 24 OZ",,,447663,77ffa94d-0a34-42df-aaa9-a5b82dee4c7a,,,EACH,,,,,,"[""https://s3.amazonaws.com/media.usepepper.com/suppliers/cd7e83da-61a6-45c3-9a43-db0a83bd04fa/items/f76685f7-6caf-52c7-a03c-acf9b38a2a82.jpg""]",,,,,,,Fruits & Vegetables,Vegetables,Tomato,,,,Ace Endico,,,Food
Whole Peeled Italian Tomatoes,"Brand: PASTENE
CASE | 12 x 28 OZ",,,982490,da895259-856a-45f1-b54c-b696b61267ff,EACH,,CASE,,,,,,"[""https://s3.amazonaws.com/media.usepepper.com/suppliers/cd7e83da-61a6-45c3-9a43-db0a83bd04fa/items/9a5c6450-749d-59b8-b51e-fe04f7a7fcfd.jpg""]",,,,,,,Fruits & Vegetables,Vegetables,Tomato,,,,Ace Endico,,,Food
Whole Peeled Italian Tomatoes,"Brand: MUTTI
CASE | 12 x 28 OZ",,,982497,5affbab9-113a-4882-b954-78114f3323eb,EACH,,CASE,,,,,,"[""https://s3.amazonaws.com/media.usepepper.com/suppliers/cd7e83da-61a6-45c3-9a43-db0a83bd04fa/items/2ad947f7-6ec2-5808-9170-c8a01eac6c46.jpg""]",,,,,,,Fruits & Vegetables,Vegetables,Tomato,,,,Ace Endico,,,Food
Whole Peeled Pear Tomato in Heavy Juice,"Brand: VALOROSO
CASE | 6 x #10",,,982790,b1b1b079-e424-4c8f-ae83-470be077b9da,EACH,,CASE,,,,,,"[""https://s3.amazonaws.com/media.usepepper.com/suppliers/cd7e83da-61a6-45c3-9a43-db0a83bd04fa/items/97bb395b-9838-5614-8e84-996bdba236eb.jpg""]",,,,,,,Fruits & Vegetables,Vegetables,Tomato,,,,Ace Endico,,,Food
Whole Peeled  Pear Tomato in Juice,"Brand: COLOMBO
CASE | 6 x #10",,,982781,5463fe65-748b-4d92-a69d-d157e9caf048,EACH,,CASE,,1.0013E+13,,,,"[""https://s3.amazonaws.com/media.usepepper.com/suppliers/cd7e83da-61a6-45c3-9a43-db0a83bd04fa/items/8635a8d0-8c8b-5fd4-bc7c-1e1cb21f6a4b.jpg""]",,,,,,,Fruits & Vegetables,Vegetables,Tomato,,,,Ace Endico,,,Food
Whole Peeled Tomato With Basil,"Brand: BIANCO DINAPOL
CASE | 6 x #10",,,983135,eaf6d389-7bc9-4a0b-ba74-63c7d9ff6bc0,EACH,,CASE,,8.55615E+11,,,,"[""https://s3.amazonaws.com/media.usepepper.com/suppliers/cd7e83da-61a6-45c3-9a43-db0a83bd04fa/items/09292c9f-31ed-5d42-9a77-1f21c66f0504.jpg""]",,,,,,,Fruits & Vegetables,Vegetables,Tomato,Peeled Tomato,,,Ace Endico,,,Food
Whole Tomatoes in Puree R8,"Brand: LAVALLE
CASE | 6 x #10",,,982480,11f37d51-0e6e-4cc4-8c4a-cfc8f9d15b0b,EACH,,CASE,,,,,,"[""https://s3.amazonaws.com/media.usepepper.com/suppliers/cd7e83da-61a6-45c3-9a43-db0a83bd04fa/items/b5ca7be8-5962-5418-99c4-15402346db90.jpg""]",,,,,,,Fruits & Vegetables,Vegetables,Tomato,,,,Ace Endico,,,Food
