"name","description","product_variants","sku","pack","size","gtin","retail_price","is_catch_weight","average_case_weight","image_url","manufacturer_sku","content_url","ordering_unit","is_broken_case","avg_case_weight","brand","category","manufacturer_name","distributor_name","supplier_name","country_of_origin"
"Nemea Monopati","","","1498737",12,750,"","","","","https://s3.amazonaws.com/media.sevenfifty.com/product-images/large/2259521/e38c99093ba4c949ecfe8.png?1650628652","","","","","","Aivalis","Wine","","johnsonbrothers","Dionysos Imports Inc","Greece"
"Corinthia Dry Red Wine","","","1865101",12,750,"","","","","https://s3.amazonaws.com/media.sevenfifty.com/product-images/large/2262441/dbd43882b7ef14b927b22.png?1650886953","","","","","","Apelia","Wine","","johnsonbrothers","Prestige Beverage Group","Greece"
"Roditis Dry Rosé Wine","","","1860180",12,750,"","","","","https://s3.amazonaws.com/media.sevenfifty.com/product-images/large/2262436/98489c2eed9f5c201e5ff.png?1650886946","","","","","","Apelia","Wine","","johnsonbrothers","Prestige Beverage Group","Greece"
"Ouzo Aphrodite Liqueur","","","1863844",12,750,"","","","","https://s3.amazonaws.com/media.sevenfifty.com/product-images/large/2285051/f8a4129d0124245b8f376.png?1651822607","","","","","","Barbayanni","Spirit","","johnsonbrothers","Prestige Beverage Group","Greece"
"Ouzo Blue","","","1843601",12,750,"","","","","https://s3.amazonaws.com/media.sevenfifty.com/product-images/large/2285056/b349e4062e38855d9bec6.png?1651822623","","","","","","Barbayanni","Spirit","","johnsonbrothers","Prestige Beverage Group","Greece"
"Red Wine Mendoza","","","1749575",12,750,"","","","","https://s3.amazonaws.com/media.sevenfifty.com/product-images/large/2318481/51e9f1f27a628bf0a691b.png?1654159303","","","","","","Broke Ass","Wine","","johnsonbrothers","Prestige Beverage Group","Argentina"
"Côtes de Provence Rosé","","","1540921",6,750,"","","","","https://s3.amazonaws.com/media.sevenfifty.com/product-images/large/2334934/174cb78e46c0d4446b761.png?1655104736","","","","","","Champs de Provence","Wine","","johnsonbrothers","Prestige Beverage Group","France"
"Cabernet Sauvignon Mendoza","","","1298861",12,750,"","","","","https://s3.amazonaws.com/media.sevenfifty.com/product-images/large/2222117/a4878db9d9610f284d41c.png?1647265032","","","","","","Conquista","Wine","","johnsonbrothers","Prestige Beverage Group","Argentina"
"Malbec Mendoza","","","1561790",12,750,"","","","","https://s3.amazonaws.com/media.sevenfifty.com/product-images/large/2354753/d711fd3939b3e2bd08186.png?1655887422","","","","","","Conquista","Wine","","johnsonbrothers","Prestige Beverage Group","Argentina"
"Malbec Oak Cask Mendoza","","","1369019",12,750,"","","","","https://s3.amazonaws.com/media.sevenfifty.com/product-images/large/2222106/9aa74b1d7af4da458e480.png?1647265024","","","","","","Conquista","Wine","","johnsonbrothers","Prestige Beverage Group","Argentina"
"Special V Cognac","","","1832938",12,375,"","","","","https://s3.amazonaws.com/media.sevenfifty.com/product-images/large/2361021/8c0adbeaa8b025b820e74.png?1656337170","","","","","","Davidoff Cognac","Spirit","","johnsonbrothers","Prestige Beverage Group","France"
"Special V Cognac","","","1125371",24,200,"","","","","https://s3.amazonaws.com/media.sevenfifty.com/product-images/large/2361021/8c0adbeaa8b025b820e74.png?1656337170","","","","","","Davidoff Cognac","Spirit","","johnsonbrothers","Prestige Beverage Group","France"
"VSOP Cognac","","","1101658",12,750,"","","","","https://s3.amazonaws.com/media.sevenfifty.com/product-images/large/743938/6cff603867678a81d3813.png?1550006296","","","","","","Davidoff Cognac","Spirit","","johnsonbrothers","Prestige Beverage Group","France"
"VSOP Cognac","","","1459891",12,375,"","","","","https://s3.amazonaws.com/media.sevenfifty.com/product-images/large/743938/6cff603867678a81d3813.png?1550006296","","","","","","Davidoff Cognac","Spirit","","johnsonbrothers","Prestige Beverage Group","France"
"Muscat Tsipouro Of Tirnavos Grape Marc Brandy","","","1427809",12,750,"","","","","https://s3.amazonaws.com/media.sevenfifty.com/product-images/large/2361164/b9a84b5a68c3ba32e4ea7.png?1656338231","","","","","","Dekaraki","Spirit","","johnsonbrothers","Prestige Beverage Group","Greece"
"10 Year Old Methexis Cigar Barrel Aged Mature Grape Brandy","","","1985566",3,750,"","","","","https://s3.amazonaws.com/media.sevenfifty.com/product-images/large/2367679/04917fd2da233bc0d9dc1.png?1656596688","","","","","","Domaine Costa Lazaridi","Spirit","","johnsonbrothers","Domaine Costa Lazaridi SA","Greece"
"10 Year Old Methexis Cigar Barrel Aged Mature Grape Brandy","","","1677827",3,700,"","","","","https://s3.amazonaws.com/media.sevenfifty.com/product-images/large/2367679/04917fd2da233bc0d9dc1.png?1656596688","","","","","","Domaine Costa Lazaridi","Spirit","","johnsonbrothers","Domaine Costa Lazaridi SA","Greece"
"Château Julia Drama Merlot","","","1364737",12,750,"","","","","https://s3.amazonaws.com/media.sevenfifty.com/product-images/large/123969/7a6018d77726d507014d6.png?1518560759","","","","","","Domaine Costa Lazaridi","Wine","","johnsonbrothers","Domaine Costa Lazaridi SA","Greece"
"Drama Agiorgitiko Château Julia","","","1481282",12,750,"","","","","https://s3.amazonaws.com/media.sevenfifty.com/product-images/large/2342993/4e5e291cbac8a739524e9.png?1655369463","","","","","","Domaine Costa Lazaridi","Wine","","johnsonbrothers","Domaine Costa Lazaridi SA","Greece"
"Drama Amethystos Blanc","","","1096495",12,750,"","","","","https://s3.amazonaws.com/media.sevenfifty.com/product-images/large/2282159/5a6399aeab673ed12e801.png?1651681527","","","","","","Domaine Costa Lazaridi","Wine","","johnsonbrothers","Domaine Costa Lazaridi SA","Greece"
"Drama Amethystos Cava","","","1504784",6,750,"","","","","https://s3.amazonaws.com/media.sevenfifty.com/large/2871512/MissMarys_Original_32oz_430px.png","","","","","","Domaine Costa Lazaridi","Wine","","johnsonbrothers","Domaine Costa Lazaridi SA","Greece"
"Drama Amethystos Fumé","","","1804529",6,750,"","","","","https://s3.amazonaws.com/media.sevenfifty.com/product-images/large/1992610/5d4d9335bde86be1896c6.png?1626442367","","","","","","Domaine Costa Lazaridi","Wine","","johnsonbrothers","Domaine Costa Lazaridi SA","Greece"
"Drama Amethystos Rosé","","","1477566",6,750,"","","","","https://s3.amazonaws.com/media.sevenfifty.com/product-images/large/2793958/7dcb66b08b5b371d0a6fd.png?1697048249","","","","","","Domaine Costa Lazaridi","Wine","","johnsonbrothers","Domaine Costa Lazaridi SA","Greece"
"Drama Amethystos Rosé","","","1904363",12,750,"","","","","https://s3.amazonaws.com/media.sevenfifty.com/product-images/large/2263231/76c974a70251eacc868c5.png?1650906006","","","","","","Domaine Costa Lazaridi","Wine","","johnsonbrothers","Domaine Costa Lazaridi SA","Greece"
"Drama Amethystos Rouge","","","1395521",12,750,"","","","","https://s3.amazonaws.com/media.sevenfifty.com/product-images/large/2367623/40b231b716dc2b47682cb.png?1656596615","","","","","","Domaine Costa Lazaridi","Wine","","johnsonbrothers","Domaine Costa Lazaridi SA","Greece"
"Drama Assyrtiko Château Julia","","","1821087",12,750,"","","","","https://s3.amazonaws.com/media.sevenfifty.com/product-images/large/2343011/7ac4ac2f3b9ac15f9cff6.png?1655369486","","","","","","Domaine Costa Lazaridi","Wine","","johnsonbrothers","Domaine Costa Lazaridi SA","Greece"
"Drama Brut Blanc de Blancs","","","1006121",6,750,"","","","","https://s3.amazonaws.com/media.sevenfifty.com/product-images/large/2909476/9fed99b8df2c3abff647a.png?1704174699","","","","","","Domaine Costa Lazaridi","Wine","","johnsonbrothers","Domaine Costa Lazaridi SA","Greece"
"Drama Chardonnay Château Julia","","","1379714",12,750,"","","","","https://s3.amazonaws.com/media.sevenfifty.com/product-images/large/3209241/efaee5c3eed53206214de.png?1720538025","","","","","","Domaine Costa Lazaridi","Wine","","johnsonbrothers","Domaine Costa Lazaridi SA","Greece"
"Drama Malagousia","","","1804474",6,750,"","","","","https://s3.amazonaws.com/media.sevenfifty.com/product-images/large/2367672/4ee832090febff85ad5a7.png?1656596680","","","","","","Domaine Costa Lazaridi","Wine","","johnsonbrothers","Domaine Costa Lazaridi SA","Greece"
"Idoniko Tsipouro Anise","","","1638670",6,750,"","","","","https://s3.amazonaws.com/media.sevenfifty.com/product-images/large/2367666/a00e9f05a37f094fb2c86.png?1656596673","","","","","","Domaine Costa Lazaridi","Spirit","","johnsonbrothers","Domaine Costa Lazaridi SA","Greece"
"Idoniko Tsipouro Anise","","","1925622",24,200,"","","","","https://s3.amazonaws.com/media.sevenfifty.com/product-images/large/2367666/a00e9f05a37f094fb2c86.png?1656596673","","","","","","Domaine Costa Lazaridi","Spirit","","johnsonbrothers","Domaine Costa Lazaridi SA","Greece"
"Idoniko Tsipouro Grape Brandy","","","1421988",6,750,"","","","","https://s3.amazonaws.com/media.sevenfifty.com/product-images/large/2367659/2d3157a3b2cc6bd2962e7.png?1656596666","","","","","","Domaine Costa Lazaridi","Spirit","","johnsonbrothers","Domaine Costa Lazaridi SA","Greece"
"Idoniko Tsipouro Grape Brandy","","","1756580",24,200,"","","","","https://s3.amazonaws.com/media.sevenfifty.com/product-images/large/2367659/2d3157a3b2cc6bd2962e7.png?1656596666","","","","","","Domaine Costa Lazaridi","Spirit","","johnsonbrothers","Domaine Costa Lazaridi SA","Greece"
"Methexis Muscat","","","1599504",6,375,"","","","","https://s3.amazonaws.com/media.sevenfifty.com/product-images/large/260457/55c8b6604e88db4813a60.png?1530043108","","","","","","Domaine Costa Lazaridi","Spirit","","johnsonbrothers","Domaine Costa Lazaridi SA","Greece"
"Gold Tequila","","","1826189",6,1.75,"","","","","https://s3.amazonaws.com/media.sevenfifty.com/product-images/large/2279531/c0719da72dfd61f404919.png?1651535387","","","","","","Durango Spirits","Spirit","","johnsonbrothers","Prestige Beverage Group","Mexico"
"White Tequila","","","1279266",6,1.75,"","","","","https://s3.amazonaws.com/media.sevenfifty.com/product-images/large/2234807/89c306740a36f7c801821.png?1648205257","","","","","","Durango Spirits","Spirit","","johnsonbrothers","Prestige Beverage Group","Mexico"
"Imathia Petritis","","","1317319",12,750,"","","","","https://s3.amazonaws.com/media.sevenfifty.com/product-images/large/32477/6b84dac5d219307c559c4.png?1508993997","","","","","","Estate Chrisohoou","Wine","","johnsonbrothers","Prestige Beverage Group","Greece"
"Naoussa Xinomavro","","","1316247",12,750,"","","","","https://s3.amazonaws.com/media.sevenfifty.com/product-images/large/1616991/fdc9c1a05505b6565f3d9.png?1593169322","","","","","","Estate Chrisohoou","Wine","","johnsonbrothers","Prestige Beverage Group","Greece"
"Premium Lager Beer","","","1015424",24,330,"","","","","https://s3.amazonaws.com/media.sevenfifty.com/product-images/large/1617617/7f1d5cd2a6e4c4129fb6d.png?1593174855","","","","","","Fix Hellas","Beer","","johnsonbrothers","Prestige Beverage Group","Greece"
"Venezia Pinot Grigio","","","1148836",12,750,"","","","","https://s3.amazonaws.com/media.sevenfifty.com/product-images/large/2927142/50cc81c1b28e6d1d5cf58.png?1705378341","","","","","","Fossetta","Wine","","johnsonbrothers","Prestige Beverage Group","Italy"
"Delle Venezie Pinot Grigio","","","1013365",6,1.5,"","","","","https://s3.amazonaws.com/media.sevenfifty.com/product-images/large/2253767/8c98b31b2a219d3ebcdc3.png?1650400894","","","","","","Gionelli","Wine","","johnsonbrothers","Prestige Beverage Group","Italy"
"Delle Venezie Pinot Grigio","","","1487390",12,750,"","","","","https://s3.amazonaws.com/media.sevenfifty.com/product-images/large/2253767/8c98b31b2a219d3ebcdc3.png?1650400894","","","","","","Gionelli","Wine","","johnsonbrothers","Prestige Beverage Group","Italy"
"Montepulciano d'Abruzzo","","","1551760",6,1.5,"","","","","https://s3.amazonaws.com/media.sevenfifty.com/product-images/large/418065/9d0de81999889c90c5ac5.png?1538431831","","","","","","Gionelli","Wine","","johnsonbrothers","Prestige Beverage Group","Italy"
"Montepulciano d'Abruzzo","","","1591327",12,750,"","","","","https://s3.amazonaws.com/media.sevenfifty.com/product-images/large/418065/9d0de81999889c90c5ac5.png?1538431831","","","","","","Gionelli","Wine","","johnsonbrothers","Prestige Beverage Group","Italy"
"Agiorgitiko Nemea","","","1588986",6,1.5,"","","","","https://s3.amazonaws.com/media.sevenfifty.com/product-images/large/156472/da0e40e45b5c475cdc2ca.png?1521663772","","","","","","Greek Wine Cellars","Wine","","johnsonbrothers","Prestige Beverage Group","Greece"
"Agiorgitiko Nemea","","","1233373",12,750,"","","","","https://s3.amazonaws.com/media.sevenfifty.com/product-images/large/156472/da0e40e45b5c475cdc2ca.png?1521663772","","","","","","Greek Wine Cellars","Wine","","johnsonbrothers","Prestige Beverage Group","Greece"
"Flowers Moschofilero Mantinia","","","1800987",12,750,"","","","","https://s3.amazonaws.com/media.sevenfifty.com/product-images/large/130419/d2e49ec201ba82fe30409.png?1519305014","","","","","","Greek Wine Cellars","Wine","","johnsonbrothers","Prestige Beverage Group","Greece"
"Flowers Santorini Assyrtiko","","","1771307",12,750,"","","","","https://s3.amazonaws.com/media.sevenfifty.com/product-images/large/130427/7c36332a73a6b4b0a55e3.png?1519305495","","","","","","Greek Wine Cellars","Wine","","johnsonbrothers","Prestige Beverage Group","Greece"
"Kourtaki Vin de Crete Red","","","1036529",12,750,"","","","","https://s3.amazonaws.com/media.sevenfifty.com/product-images/large/1267615/868a6d9bc970b44a213a7.png?1569502362","","","","","","Greek Wine Cellars","Wine","","johnsonbrothers","Prestige Beverage Group","Greece"
"Kourtaki Vin de Crete White","","","1842543",12,750,"","","","","https://s3.amazonaws.com/media.sevenfifty.com/product-images/large/3009619/fd99305f01a3c27ba2328.png?1709363077","","","","","","Greek Wine Cellars","Wine","","johnsonbrothers","Prestige Beverage Group","Greece"
"Mantinia Moscofilero","","","1998797",6,1.5,"","","","","https://s3.amazonaws.com/media.sevenfifty.com/product-images/large/369188/6b33faa295ecc413dae8b.png?1536240682","","","","","","Greek Wine Cellars","Wine","","johnsonbrothers","Prestige Beverage Group","Greece"
"Muscat of Samos Kourtaki Sweet White Wine","","","1861847",12,750,"","","","","https://s3.amazonaws.com/media.sevenfifty.com/product-images/large/234577/85dfa9bd359f7c7a3a2fa.png?1527951738","","","","","","Greek Wine Cellars","Wine","","johnsonbrothers","Prestige Beverage Group","Greece"
"Peloponnese Dry White Apelia","","","1028464",12,750,"","","","","https://s3.amazonaws.com/media.sevenfifty.com/product-images/large/1232505/74b05a5d8baab472695cf.png?1568388713","","","","","","Greek Wine Cellars","Wine","","johnsonbrothers","Prestige Beverage Group","Greece"
"Vodka","","","1506469",12,750,"","","","","https://s3.amazonaws.com/media.sevenfifty.com/product-images/large/123964/d0f42ba65fe36dd8850ad.png?1518560576","","","","","","Hammermill","Spirit","","johnsonbrothers","Prestige Beverage Group","United States"
"Crete Idaia Gi Red Dry Wine","","","1590874",12,750,"","","","","https://s3.amazonaws.com/media.sevenfifty.com/product-images/large/2857907/8aa0551fb0e8ca620a4cc.png?1700728416","","","","","","Idaia Winery","Wine","","johnsonbrothers","Prestige Beverage Group","Greece"
"Crete Thrapsathiri Ocean White Dry Wine","","","1758832",12,750,"","","","","https://s3.amazonaws.com/media.sevenfifty.com/product-images/large/2857928/3dfd6b5818e6ed38603fd.png?1700728443","","","","","","Idaia Winery","Wine","","johnsonbrothers","Prestige Beverage Group","Greece"
"Crete Vidiano Dry White Wine","","","1243807",12,750,"","","","","https://s3.amazonaws.com/media.sevenfifty.com/product-images/large/2857952/7fb08cfb592aaccaf8778.png?1700728472","","","","","","Idaia Winery","Wine","","johnsonbrothers","Prestige Beverage Group","Greece"
"Ouzo of Plomari","","","1107401",48,200,"","","","","https://s3.amazonaws.com/media.sevenfifty.com/product-images/large/2026790/79afd932bd3940af5c4c3.png?1629305379","","","","","","Isidoros Arvanitis Distillery","Spirit","","johnsonbrothers","Prestige Beverage Group","Greece"
"Nemea Agiorgitiko","","","1683378",12,750,"","","","","https://s3.amazonaws.com/media.sevenfifty.com/product-images/large/212641/4614dfa8717675204ed87.png?1526307539","","","","","","Kouros","Wine","","johnsonbrothers","Nestor Imports Inc","Greece"
"Patras Rhoditis","","","1491283",12,750,"","","","","https://s3.amazonaws.com/media.sevenfifty.com/product-images/large/212640/fcd934c7698aa6c61dbf9.png?1526307521","","","","","","Kouros","Wine","","johnsonbrothers","Nestor Imports Inc","Greece"
"Sterea Ellada Assyrtiko","","","1457889",12,750,"","","","","https://s3.amazonaws.com/media.sevenfifty.com/product-images/large/598737/3325bfea74b19c40a33a5.png?1545289158","","","","","","Kouros","Wine","","johnsonbrothers","Nestor Imports Inc","Greece"
"Mavrodaphne of Patras Sweet Red","","","1840686",12,750,"","","","","https://s3.amazonaws.com/media.sevenfifty.com/product-images/large/1332267/e07d4204fea39380aa429.png?1572853993","","","","","","Kourtaki","Wine","","johnsonbrothers","Prestige Beverage Group","Greece"
"Red Wine","","","1297649",6,1.5,"","","","","https://s3.amazonaws.com/media.sevenfifty.com/product-images/large/911241/3a96641971ca457ce9371.png?1556860749","","","","","","Kourtaki","Wine","","johnsonbrothers","Prestige Beverage Group","Greece"
"Retsina of Attica","","","1187166",6,1.5,"","","","","https://s3.amazonaws.com/media.sevenfifty.com/product-images/large/77502/6257a8b92c80423a6a404.png?1513837947","","","","","","Kourtaki","Wine","","johnsonbrothers","Prestige Beverage Group","Greece"
"Retsina of Attica","","","1055461",12,750,"","","","","https://s3.amazonaws.com/media.sevenfifty.com/product-images/large/77502/6257a8b92c80423a6a404.png?1513837947","","","","","","Kourtaki","Wine","","johnsonbrothers","Prestige Beverage Group","Greece"
"Rosé","","","1809327",6,1.5,"","","","","https://s3.amazonaws.com/media.sevenfifty.com/product-images/large/911228/98cb1105d1e79b3fc479e.png?1556860623","","","","","","Kourtaki","Wine","","johnsonbrothers","Prestige Beverage Group","Greece"
"White Wine","","","1021415",6,1.5,"","","","","https://s3.amazonaws.com/media.sevenfifty.com/product-images/large/909271/1e5b7aee73686940200df.png?1556799277","","","","","","Kourtaki","Wine","","johnsonbrothers","Prestige Beverage Group","Greece"
"Cabernet Sauvignon","","","1019166",12,750,"","","","","https://s3.amazonaws.com/media.sevenfifty.com/product-images/large/632154/ece19705d11b2f47880b5.png?1616725885","","","","","","Le Grand Noir","Wine","","johnsonbrothers","Prestige Beverage Group","France"
"Chardonnay","","","1475448",12,750,"","","","","https://s3.amazonaws.com/media.sevenfifty.com/product-images/large/632229/75901401cf822b4f1d3ff.png?1616725889","","","","","","Le Grand Noir","Wine","","johnsonbrothers","Prestige Beverage Group","France"
"GSM","","","1475380",12,750,"","","","","https://s3.amazonaws.com/media.sevenfifty.com/product-images/large/632162/e1bb17c9eb9dff1f0288d.png?1616725886","","","","","","Le Grand Noir","Wine","","johnsonbrothers","Prestige Beverage Group","France"
"Pinot Noir","","","1345432",12,750,"","","","","https://s3.amazonaws.com/media.sevenfifty.com/product-images/large/632200/f94390b2ba2dfb2c9105a.png?1616725888","","","","","","Le Grand Noir","Wine","","johnsonbrothers","Prestige Beverage Group","France"
"Rosé","","","1786862",12,750,"","","","","https://s3.amazonaws.com/media.sevenfifty.com/product-images/large/632247/ca539c0d13c71b6391790.png?1616725890","","","","","","Le Grand Noir","Wine","","johnsonbrothers","Prestige Beverage Group","France"
"Sauvignon Blanc","","","1238178",12,750,"","","","","https://s3.amazonaws.com/media.sevenfifty.com/product-images/large/632222/c890abb6bcd36d49443c1.png?1546634879","","","","","","Le Grand Noir","Wine","","johnsonbrothers","Prestige Beverage Group","France"
"Sweet Red Wine","","","1154600",12,750,"","","","","https://s3.amazonaws.com/media.sevenfifty.com/product-images/large/911859/4c582f2c720ab58eeb187.png?1556868648","","","","","","Nama Byzantino","Wine","","johnsonbrothers","Prestige Beverage Group","Greece"
"Drama Malagousia Moscato Sauvignon Blanc","","","1216673",12,750,"","","","","https://s3.amazonaws.com/media.sevenfifty.com/product-images/large/906397/d139147a9067c5dfe33bd.png?1556731211","","","","","","Oenodea","Wine","","johnsonbrothers","Prestige Beverage Group","Greece"
"Macedonia Cabernet Sauvignon Agiorgitiko Syrah","","","1298048",12,750,"","","","","https://s3.amazonaws.com/media.sevenfifty.com/product-images/large/121367/f3c7f5368a84171a73fa2.png?1518198391","","","","","","Oenodea","Wine","","johnsonbrothers","Prestige Beverage Group","Greece"
"Drama Cabernet Sauvignon Agiorgitiko","","","1012708",6,750,"","","","","https://s3.amazonaws.com/media.sevenfifty.com/product-images/large/156467/7612523387e49d29bfdb1.png?1521663769","","","","","","Oenotria Land","Wine","","johnsonbrothers","Prestige Beverage Group","Greece"
"Vermouth","","","1295161",6,750,"","","","","https://s3.amazonaws.com/media.sevenfifty.com/product-images/large/280842/c882ed6f1de3914d2e50f.png?1531297371","","","","","","Otto's Athens Vermouth","Wine","","johnsonbrothers","Nestor Imports Inc","Greece"
"Sauvignon Blanc","","","1143586",12,750,"","","","","https://s3.amazonaws.com/media.sevenfifty.com/large/2870475/1143586_MAIN.png","","","","","","Overstone","Wine","","johnsonbrothers","Prestige Beverage Group","New Zealand"
"Haraki Cretan Tsikoudia","","","1504173",12,750,"","","","","https://s3.amazonaws.com/media.sevenfifty.com/product-images/large/912018/b0c183530562a3341a418.png?1556870239","","","","","","Patsakis Distillery","Spirit","","johnsonbrothers","Prestige Beverage Group","Greece"
"Haraki Honey","","","1283031",12,750,"","","","","https://s3.amazonaws.com/media.sevenfifty.com/product-images/large/912026/e78f828d7a7e3340e651a.png?1556870318","","","","","","Patsakis Distillery","Spirit","","johnsonbrothers","Prestige Beverage Group","Greece"
"Ouzo By Issidoros Arvanitis","","","1953815",12,700,"","","","","https://s3.amazonaws.com/media.sevenfifty.com/product-images/large/1051762/e825c7aaf47e7708a80a9.png?1562763286","","","","","","Plomari","Spirit","","johnsonbrothers","Prestige Beverage Group","Greece"
"Ouzo By Issidoros Arvanitis","","","1135425",6,700,"","","","","https://s3.amazonaws.com/media.sevenfifty.com/product-images/large/1051762/e825c7aaf47e7708a80a9.png?1562763286","","","","","","Plomari","Spirit","","johnsonbrothers","Prestige Beverage Group","Greece"
"Cabernet Sauvignon / Merlot","","","1997325",12,750,"","","","","https://s3.amazonaws.com/media.sevenfifty.com/product-images/large/912064/b39030a3746dfa41092a4.png?1556870566","","","","","","Plóes","Wine","","johnsonbrothers","Prestige Beverage Group","Greece"
"Chardonnay / Assyrtiko","","","1059600",12,750,"","","","","https://s3.amazonaws.com/media.sevenfifty.com/product-images/large/250970/34062a920d06fb7d2e1b3.png?1529329220","","","","","","Plóes","Wine","","johnsonbrothers","Prestige Beverage Group","Greece"
"Drama Cabernet Sauvignon Merlot Semi Dry Rosé","","","1674875",12,750,"","","","","https://s3.amazonaws.com/media.sevenfifty.com/product-images/large/1087767/43b1781ca6c84d1c000a5.png?1563357830","","","","","","Plóes","Wine","","johnsonbrothers","Prestige Beverage Group","Greece"
"Mastiha of Chios","","","1164886",6,750,"","","","","https://s3.amazonaws.com/media.sevenfifty.com/product-images/large/260072/bf7d03931452a46ad1a50.png?1530023975","","","","","","Psychis & Sons","Spirit","","johnsonbrothers","Prestige Beverage Group","Greece"
"Mastiha of Chios","","","1511084",12,200,"","","","","https://s3.amazonaws.com/media.sevenfifty.com/product-images/large/260072/bf7d03931452a46ad1a50.png?1530023975","","","","","","Psychis & Sons","Spirit","","johnsonbrothers","Prestige Beverage Group","Greece"
"Mastiha of Chios","","","1767033",96,50,"","","","","https://s3.amazonaws.com/media.sevenfifty.com/product-images/large/260072/bf7d03931452a46ad1a50.png?1530023975","","","","","","Psychis & Sons","Spirit","","johnsonbrothers","Prestige Beverage Group","Greece"
"Ouzo of Chios Rempiko","","","1637308",12,750,"","","","","https://s3.amazonaws.com/media.sevenfifty.com/product-images/large/1039761/75736c8e548bb59fd477d.png?1562271813","","","","","","Psychis & Sons","Spirit","","johnsonbrothers","Prestige Beverage Group","Greece"
"Tsipouro Double Distilled Dry Grappa Brandy","","","1686889",12,750,"","","","","https://s3.amazonaws.com/media.sevenfifty.com/product-images/large/2563326/f2dddd9eabf05721f7f1e.png?1678101737","","","","","","Psychis & Sons","Spirit","","johnsonbrothers","Prestige Beverage Group","Greece"
"8th Day IPA","","","1597245",20,330,"","","","","https://s3.amazonaws.com/media.sevenfifty.com/product-images/large/31226/2ab8803f029113eeb749f.png?1508324642","","","","","","Septem Microbrewery","Beer","","johnsonbrothers","Nestor Imports Inc","Greece"
"Monday's Pilsner","","","1579721",20,330,"","","","","https://s3.amazonaws.com/media.sevenfifty.com/product-images/large/1040010/d3e3e75352eeaa9f197ec.png?1562274576","","","","","","Septem Microbrewery","Beer","","johnsonbrothers","Nestor Imports Inc","Greece"
"Mastiha Spirit Liqueur","","","1551156",6,700,"","","","","https://s3.amazonaws.com/media.sevenfifty.com/product-images/large/2889783/63958dffdf52cdd2a6a82.png?1702589574","","","","","","Skinos","Spirit","","johnsonbrothers","Nestor Imports Inc","Greece"
"Mastiha Spirit Liqueur","","","1350906",12,200,"","","","","https://s3.amazonaws.com/media.sevenfifty.com/product-images/large/2889783/63958dffdf52cdd2a6a82.png?1702589574","","","","","","Skinos","Spirit","","johnsonbrothers","Nestor Imports Inc","Greece"
"Rheinhessen Riesling","","","1297929",12,750,"","","","","https://s3.amazonaws.com/media.sevenfifty.com/product-images/large/2217476/99c4993bebe370cc91309.png?1646836246","","","","","","Starling Castle","Wine","","johnsonbrothers","Prestige Beverage Group","Germany"
"Greek Botanicals Dry Gin","","","1599567",6,700,"","","","","https://s3.amazonaws.com/media.sevenfifty.com/product-images/large/2187119/68b43c0f998f8f25cd451.png?1644412375","","","","","","Votanikon","Spirit","","johnsonbrothers","Nestor Imports Inc","Greece"