name,description,material,product_variants,sku,product_id,pack,size,gtin,retail_price,is_catch_weight,average_case_weight,image_url,manufacturer_sku,content_url,ordering_unit,is_broken_case,avg_case_weight,brand,1 category,2 category,3 category,4 category,product-category-style,manufacturer_name,distributor_name,supplier_name,country_of_origin,Group,Level 1 Category,Level 2 Category,Level 3 Category
GEL/LUBRICANT PERTO 3 OZ F/ FOOD PROC,Gel Lubricant.,,,1139673,b12a5a77-dd8e-4bd6-9e63-811b326fb0a6,,,,,,,https://www.don.com/UserFiles/Images/Products/Individuals/1139673.JPG,,www.don.com/product/1139673,,,,The Vollrath Company LLC,Cleaning Products,Oven_Fryer_Grill Cleaners,Liquid_Gel Cleaners,Miscellaneous,,,Edward don,,,Non-Food,Supplies & Equipment,Janitorial & Cleaning,Cleaning Chemicals
CLEANER OVEN MR D RTU 1 GAL,"Oven & Grill Cleaner RTU. Removes burned-on carbonized soil and grill residue. Ready-to-use formula, just spray on or brush on. Spray on surfaces under 200°F, allow to penetrate for 5 min, then wipe with a damp sponge. For heavy soil allow 10 min to penetrate.",,,1J980,e450137e-11dc-4bbd-bd09-6091ae135173,,,,,,,https://www.don.com/UserFiles/Images/Products/Individuals/1J980.JPG,,www.don.com/product/1J980,,,,Nyco Products,Cleaning Products,Oven_Fryer_Grill Cleaners,Liquid_Gel Cleaners,Mr. D,,,Edward don,,,Non-Food,Supplies & Equipment,Janitorial & Cleaning,Cleaning Chemicals
CLEANER MR D COOK LINE RTU 32 OZ CLING,"Cleaner/Degreaser. Cook line cleaner for ovens, griddles, fryers and rotisseries. Designed to penetrate baked-on carbonized soils on vertical surfaces. Do not apply on surfaces over 200°F. Dilution ratio: 4 oz to 1 gallon of water, allow 5 min to penetrate.",,,1J978,dbd3f26c-6883-47ec-9f6a-9442048f2755,,,,,,,https://www.don.com/UserFiles/Images/Products/Individuals/1J978.JPG,,www.don.com/product/1J978,,,,Nyco Products,Cleaning Products,Oven_Fryer_Grill Cleaners,Liquid_Gel Cleaners,Mr. D,,,Edward don,,,Non-Food,Supplies & Equipment,Janitorial & Cleaning,Cleaning Chemicals
CLEANER FRYER MR D PACKETS 8 OZ,"Fryer Cleaner. Powerful alkaline powder contains sodium hydroxide for fast, efficient carbon removal. Eliminates caked-on carbon and emulsifies grease for fresh-tasting fried foods. Dilution: One portion pack per every wash. Boil 20 to 30 minutes, then drain and brush side with stiff brush, flush with water when finished.",,,1J653,b330f128-d9cc-4f16-970d-6aed007b6d3a,,,,,,,https://www.don.com/UserFiles/Images/Products/Individuals/1J653.JPG,,www.don.com/product/1J653,,,,Nyco Products,Cleaning Products,Oven_Fryer_Grill Cleaners,Powdered Cleaners,All Powdered Cleaners,,,Edward don,,,Non-Food,Supplies & Equipment,Janitorial & Cleaning,Cleaning Chemicals
CLEANER OVEN OVENMATE 55 GAL,Oven Cleaner.,,,1J570,18492291-d5ab-425b-9554-e72458cee5fe,,,,,,,https://www.don.com/UserFiles/Images/Products/Individuals/1J570.JPG,,www.don.com/product/1J570,,,,Nyco Products,Cleaning Products,Oven_Fryer_Grill Cleaners,Oven Cleaners,Liquid,,,Edward don,,,Non-Food,Supplies & Equipment,Janitorial & Cleaning,Cleaning Chemicals
DETERGENT TABS ACTIVE GREEN ICOMBI OVEN,Detergent Tab.,,,1206032,c7bba512-bf56-45af-bf9d-0bc78aa84f58,,,,,,,https://www.don.com/UserFiles/Images/Products/Individuals/1206032.JPG,,www.don.com/product/1206032,,,,Rational Cooking Systems,Cleaning Products,Oven_Fryer_Grill Cleaners,Oven Cleaners,Powder,,,Edward don,,,Non-Food,Supplies & Equipment,Janitorial & Cleaning,Cleaning Chemicals
TABLETS RINSE AID FOR COOKING CABINET,Rinse Aid Tablets.,,,1J148,16e42c67-e443-4799-b47e-9cc4dfbe1408,,,,,,,https://www.don.com/UserFiles/Images/Products/Individuals/1J148.JPG,,www.don.com/product/1J148,,,,Rational Cooking Systems,Cleaning Products,Oven_Fryer_Grill Cleaners,Powdered Cleaners,All Powdered Cleaners,,,Edward don,,,Non-Food,Supplies & Equipment,Janitorial & Cleaning,Cleaning Chemicals
TABLETS CLEANER RED RATIONAL 100/CS,Cleaner Tablets.,,,1J147,3dcf9e30-0811-49d8-b866-362ccb16dee8,,,,,,,https://www.don.com/UserFiles/Images/Products/Individuals/1J147.JPG,,www.don.com/product/1J147,,,,Rational Cooking Systems,Cleaning Products,Oven_Fryer_Grill Cleaners,Powdered Cleaners,All Powdered Cleaners,,,Edward don,,,Non-Food,Supplies & Equipment,Janitorial & Cleaning,Cleaning Chemicals
CARTRIDGE CARE ICOMBI PRO,Descaler.,,,1244633,4027d315-8778-4063-b05a-7e0d95cd5136,,,,,,,https://www.don.com/UserFiles/Images/Products/Individuals/1244633.JPG,,www.don.com/product/1244633,,,,Rational Cooking Systems,Cleaning Products,Oven_Fryer_Grill Cleaners,Liquid_Gel Cleaners,Miscellaneous,,,Edward don,,,Non-Food,Supplies & Equipment,Janitorial & Cleaning,Cleaning Chemicals
CLEANER GRILL LIQUID 10 LTR,Liquid Grill Cleaner.,,,1J149,84f21e43-8da4-4a7f-9f9d-3fbc47d9f685,,,,,,,https://www.don.com/UserFiles/Images/Products/Individuals/1J149.JPG,,www.don.com/product/1J149,,,,Rational Cooking Systems,Cleaning Products,Oven_Fryer_Grill Cleaners,Liquid_Gel Cleaners,Miscellaneous,,,Edward don,,,Non-Food,Supplies & Equipment,Janitorial & Cleaning,Cleaning Chemicals
CARTRIDGE CLEANER ICOMBI PRO ACTIVE GRN,Alkaline Cleaner.,,,1244632,ab238279-7d31-4cd5-8a0a-b817573afcf4,,,,,,,https://www.don.com/UserFiles/Images/Products/Individuals/1244632.JPG,,www.don.com/product/1244632,,,,Rational Cooking Systems,Cleaning Products,Oven_Fryer_Grill Cleaners,Liquid_Gel Cleaners,Miscellaneous,,,Edward don,,,Non-Food,Supplies & Equipment,Janitorial & Cleaning,Cleaning Chemicals
CLEANER FOR COMBI 90 TABS PER BUCKET,Oven Cleaner.,,,1032962,3061647f-1e13-4ae0-82a1-c8adb4dc35bb,,,,,,,https://www.don.com/UserFiles/Images/Products/Individuals/1032962.JPG,,www.don.com/product/1032962,,,,Alto Shaam,Cleaning Products,Oven_Fryer_Grill Cleaners,Oven Cleaners,Powder,,,Edward don,,,Non-Food,Supplies & Equipment,Janitorial & Cleaning,Cleaning Chemicals
TABS CLEANING F/COMBITHERM OVEN,Combi Cleaner.,,,1215470,f0a2c026-fe0c-4b72-8c7b-396c426c0505,,,,,,,https://www.don.com/UserFiles/Images/Products/Individuals/1215470.JPG,,www.don.com/product/1215470,,,,Alto Shaam,Cleaning Products,Oven_Fryer_Grill Cleaners,Oven Cleaners,Powder,,,Edward don,,,Non-Food,Supplies & Equipment,Janitorial & Cleaning,Cleaning Chemicals
CLEANER OVEN & GRILL 32 OZ NON CAUSTIC,Oven Cleaner.,,,1225369,04064f77-280b-4ed9-84b3-ac0727c2151d,,,,,,,https://www.don.com/UserFiles/Images/Products/Individuals/1225369.JPG,,www.don.com/product/1225369,,,,Alto Shaam,Cleaning Products,Oven_Fryer_Grill Cleaners,Oven Cleaners,Liquid,,,Edward don,,,Non-Food,Supplies & Equipment,Janitorial & Cleaning,Cleaning Chemicals
CLEANER OVEN COMBITHERM 1 QT,Oven Cleaner.,,,1032297,548efe93-1558-4646-9365-8cd4fe6c0561,,,,,,,https://www.don.com/UserFiles/Images/Products/Individuals/1032297.JPG,,www.don.com/product/1032297,,,,Alto Shaam,Cleaning Products,Oven_Fryer_Grill Cleaners,Oven Cleaners,Liquid,,,Edward don,,,Non-Food,Supplies & Equipment,Janitorial & Cleaning,Cleaning Chemicals
CLEANER CLEAN CONVOCLEAN SOLUTION,ConvoClean Solution.,,,1017562,d07d7c93-c5a2-458e-98af-50fa8cbd9401,,,,,,,https://www.don.com/UserFiles/Images/Products/Individuals/1017562.JPG,,www.don.com/product/1017562,,,,Cand Range LLC,Cleaning Products,Oven_Fryer_Grill Cleaners,Liquid_Gel Cleaners,Miscellaneous,,,Edward don,,,Non-Food,Supplies & Equipment,Janitorial & Cleaning,Cleaning Chemicals
CLEANER 2-1/2 GAL CRINSE SOLUTION,ConvoRinse Solution.,,,1017563,c0dca765-ec1d-4976-af1c-215c3fe3bd3a,,,,,,,https://www.don.com/UserFiles/Images/Products/Individuals/1017563.JPG,,www.don.com/product/1017563,,,,Cleveland Range LLC,Cleaning Products,Oven_Fryer_Grill Cleaners,Liquid_Gel Cleaners,Miscellaneous,,,Edward don,,,Non-Food,Supplies & Equipment,Janitorial & Cleaning,Cleaning Chemicals
POWDER FRYER OIL MIRACLE FILTER 40 LBS,Powder. Removes minute carbon particles that host bacteria that attack oil and create acidity--increases the life of oil and improves quality of food. Magnesium sulfate powder also removes free fatty acids and oxidized acids which are major contributors to oil degradation.,,,1108072,09afc655-e356-428c-b571-e9e6af32deff,,,,,,,https://www.don.com/UserFiles/Images/Products/Individuals/1108072.JPG,,www.don.com/product/1108072,,,,Amercareroyal - Np&Pc,Cleaning Products,Oven_Fryer_Grill Cleaners,Powdered Cleaners,All Powdered Cleaners,,,Edward don,,,Non-Food,Supplies & Equipment,Janitorial & Cleaning,Cleaning Chemicals
TABLET CLEANING FRYER 4 OZ,Fryer Cleaning Tablets.,,,1012117,48d808a4-486d-4352-a1a8-443cbf1f4c6e,,,,,,,https://www.don.com/UserFiles/Images/Products/Individuals/1012117.JPG,,www.don.com/product/1012117,,,,Franklin Machine Products,Cleaning Products,Oven_Fryer_Grill Cleaners,Miscellaneous,Over_Fryer_Gill Cleaners,,,Edward don,,,Non-Food,Supplies & Equipment,Janitorial & Cleaning,Cleaning Chemicals
CLEANER MR D OVEN & GRILL AERO,"Oven Cleaner. Spray on-clean off. Works in minutes on caked food, grease and other foods. Spray on surfaces under 200°F, allow to penetrate for 5 min, then wipe with a damp sponge. For use on porcelain, glass, ceramics, stainless steel and cast iron surfaces.",,,1J227,0fc3cc2b-1ad0-4eb0-848e-dce1caa1990b,,,,,,,https://www.don.com/UserFiles/Images/Products/Individuals/1J227.JPG,,www.don.com/product/1J227,,,,Plz Corp,Cleaning Products,Oven_Fryer_Grill Cleaners,Aerosol Cleaners,Mr. D,,,Edward don,,,Non-Food,Supplies & Equipment,Janitorial & Cleaning,Cleaning Chemicals
CLEANER OVEN & GRILL AEROSOL 20 OZ,Grill & Oven Cleaner.,,,1222563,95d8462a-6f71-476c-81af-0910b3bb6d9a,,,,,,,https://www.don.com/UserFiles/Images/Products/Individuals/1222563.JPG,,www.don.com/product/1222563,,,,Plz Corp,Cleaning Products,Oven_Fryer_Grill Cleaners,Aerosol Cleaners,Miscellaneous,,,Edward don,,,Non-Food,Supplies & Equipment,Janitorial & Cleaning,Cleaning Chemicals
CLEANER OVEN/GRILL BREAK-UP 19OZ AEROSOL,"Oven/Grill Cleaner. Attacks grease and grime on ovens, grills, fryers and more. Breaks down tough, baked-on grease and grime on contact, even on cold surfaces. Formulated to take most of the dirty work and old-fashioned scrubbing out of cleaning.",,,1151659,e7a7fdbd-eb9b-4698-b8a6-ada1660a1fe2,,,,,,,https://www.don.com/UserFiles/Images/Products/Individuals/1151659.JPG,,www.don.com/product/1151659,,,,R3 Papercraft,Cleaning Products,Oven_Fryer_Grill Cleaners,Aerosol Cleaners,Mr. D,,,Edward don,,,Non-Food,Supplies & Equipment,Janitorial & Cleaning,Cleaning Chemicals
CLEANER FRYER BREAK-UP  2 OZ PK,"Cleaner. Attacks grease and grime on ovens, grills, fryers and more. Breaks down tough, baked-on grease and grime on contact, even on cold surfaces. Formulated to take most of the dirty work and old-fashioned scrubbing out of cleaning.",,,1152863,d9d1e2ed-8c68-4602-912e-2daed7acd10a,,,,,,,https://www.don.com/UserFiles/Images/Products/Individuals/1152863.JPG,,www.don.com/product/1152863,,,,R3 Papercraft,Cleaning Products,Oven_Fryer_Grill Cleaners,Miscellaneous,Over_Fryer_Gill Cleaners,,,Edward don,,,Non-Food,Supplies & Equipment,Janitorial & Cleaning,Cleaning Chemicals
POWDER SCOURING F/ FRYERS 24 OZ,Powder.,,,1105320,8d26f9b6-3b00-4f8b-bb49-db62d1336f7c,,,,,,,https://www.don.com/UserFiles/Images/Products/Individuals/1105320.JPG,,www.don.com/product/1105320,,,,Gycor International LLC,Cleaning Products,Oven_Fryer_Grill Cleaners,Powdered Cleaners,All Powdered Cleaners,,,Edward don,,,Non-Food,Supplies & Equipment,Janitorial & Cleaning,Cleaning Chemicals
CLEANER ESPRESSO TABLETS 200,Espresso Cleaner Tablets.,,,1J287,642c4793-7c4d-489c-9cc0-aab69cf73cd2,,,,,,,https://www.don.com/UserFiles/Images/Products/Individuals/1J287.JPG,,www.don.com/product/1J287,,,,Weiman Products,Cleaning Products,Oven_Fryer_Grill Cleaners,Powdered Cleaners,All Powdered Cleaners,,,Edward don,,,Non-Food,Supplies & Equipment,Janitorial & Cleaning,Cleaning Chemicals
PACKETS DETERGENT DISINFECTANT,Disinfectant Detergent Packets.,,,1J181,4d6aef1f-4e35-43b0-a761-48690516f48e,,,,,,,https://www.don.com/UserFiles/Images/Products/Individuals/1J181.JPG,,www.don.com/product/1J181,,,,Essendant - Np&Pc,Cleaning Products,Oven_Fryer_Grill Cleaners,Powdered Cleaners,All Powdered Cleaners,,,Edward don,,,Non-Food,Supplies & Equipment,Janitorial & Cleaning,Cleaning Chemicals
CLEANER ESPRESSO 20 OZ CAFIZA POWDER,Espresso Cleaner.,,,1J286,d4632365-f982-47cb-a1af-74286ec09c84,,,,,,,https://www.don.com/UserFiles/Images/Products/Individuals/1J286.JPG,,www.don.com/product/1J286,,,,Weiman Products,Cleaning Products,Oven_Fryer_Grill Cleaners,Powdered Cleaners,All Powdered Cleaners,,,Edward don,,,Non-Food,Supplies & Equipment,Janitorial & Cleaning,Cleaning Chemicals
KIT OVEN CLEANER 1-BTL 16-POWDER PACKETS,Oven/grill Cleaner.,,,1230075,748a2297-43b1-4eca-8b95-477b6e978aff,,,,,,,https://www.don.com/UserFiles/Images/Products/Individuals/1230075.JPG,,www.don.com/product/1230075,,,,Parts Town LLC,Cleaning Products,Oven_Fryer_Grill Cleaners,Powdered Cleaners,All Powdered Cleaners,,,Edward don,,,Non-Food,Supplies & Equipment,Janitorial & Cleaning,Cleaning Chemicals
DETERGENT OVEN CONVOCLEAN FORTE 2-1/2GAL,Oven Cleaner.,,,1178983,08e0e9fa-dbee-4765-9dc1-c9042975c57a,,,,,,,https://www.don.com/UserFiles/Images/Products/Individuals/1178983.JPG,,www.don.com/product/1178983,,,,Magnus Chemical,Cleaning Products,Oven_Fryer_Grill Cleaners,Liquid_Gel Cleaners,Miscellaneous,,,Edward don,,,Non-Food,Supplies & Equipment,Janitorial & Cleaning,Cleaning Chemicals
RINSE AID MULTI CLEAN 10 L,Rinse Agent.,,,1189669,20a239cb-ffe2-42c4-b3d4-a96ccc0f8bdf,,,,,,,https://www.don.com/UserFiles/Images/Products/Individuals/1189669.JPG,,www.don.com/product/1189669,,,,Eloma USA,Cleaning Products,Oven_Fryer_Grill Cleaners,Liquid_Gel Cleaners,Miscellaneous,,,Edward don,,,Non-Food,Supplies & Equipment,Janitorial & Cleaning,Cleaning Chemicals
CLEANER OVEN & GRILL AERO 18 OZ,Oven Cleaner.,,,1246568,02f339d0-220e-4f0a-8a0e-1270863fea76,,,,,,,https://www.don.com/UserFiles/Images/Products/Individuals/1246568.JPG,,www.don.com/product/1246568,,,,Chase Products Co - Np & Pc,Cleaning Products,Oven_Fryer_Grill Cleaners,Aerosol Cleaners,Miscellaneous,,,Edward don,,,Non-Food,Supplies & Equipment,Janitorial & Cleaning,Cleaning Chemicals
CLEANER DAILY POSTER F/ OVEN SOTA-TC,Poster.,,,1143659,4e121833-4346-484f-b570-38a5862038a1,,,,,,,https://www.don.com/UserFiles/Images/Products/Individuals/1143659.JPG,,www.don.com/product/1143659,,,,Parts Town LLC,Cleaning Products,Oven_Fryer_Grill Cleaners,Miscellaneous,Over_Fryer_Gill Cleaners,,,Edward don,,,Non-Food,Supplies & Equipment,Janitorial & Cleaning,Cleaning Chemicals
CLEANER OVEN/GRILL 1 QUART,Oven/grill Cleaner.,,,1143688,bd24ae31-27fe-42a7-a070-4ce469ae7de7,,,,,,,https://www.don.com/UserFiles/Images/Products/Individuals/1143688.JPG,,www.don.com/product/1143688,,,,Sts,Cleaning Products,Oven_Fryer_Grill Cleaners,Oven Cleaners,Liquid,,,Edward don,,,Non-Food,Supplies & Equipment,Janitorial & Cleaning,Cleaning Chemicals
PROTECTOR OVEN 32 OZ MERRYCHEF,Protectant.,,,1112198,e06c3b9f-5055-4529-aa03-03ffa26b90e4,,,,,,,https://www.don.com/UserFiles/Images/Products/Individuals/1112198.JPG,,www.don.com/product/1112198,,,,Merrychef,Cleaning Products,Oven_Fryer_Grill Cleaners,Oven Cleaners,Liquid,,,Edward don,,,Non-Food,Supplies & Equipment,Janitorial & Cleaning,Cleaning Chemicals
CLEANER OVEN MULTI CLEAN 10 L,Mulit-clean.,,,1189668,cc7fd099-f6a4-485c-8fda-be21e95708d0,,,,,,,https://www.don.com/UserFiles/Images/Products/Individuals/1189668.JPG,,www.don.com/product/1189668,,,,Eloma USA,Cleaning Products,Oven_Fryer_Grill Cleaners,Oven Cleaners,Liquid,,,Edward don,,,Non-Food,Supplies & Equipment,Janitorial & Cleaning,Cleaning Chemicals
DETERGENT DET&RINSE 5 L,Oven Cleaner.,,,1205638,feb856ad-0109-464b-8888-c297d6692699,,,,,,,https://www.don.com/UserFiles/Images/Products/Individuals/1205638.JPG,,www.don.com/product/1205638,,,,Unox,Cleaning Products,Oven_Fryer_Grill Cleaners,Oven Cleaners,Liquid,,,Edward don,,,Non-Food,Supplies & Equipment,Janitorial & Cleaning,Cleaning Chemicals
DETERGENT SPRAY & RINSE 750 ML,Detergent.,,,1230492,9cd781d1-3dc2-49ab-ba13-a00cb43dbf16,,,,,,,https://www.don.com/UserFiles/Images/Products/Individuals/1230492.JPG,,www.don.com/product/1230492,,,,Unox,Cleaning Products,Oven_Fryer_Grill Cleaners,Oven Cleaners,Liquid,,,Edward don,,,Non-Food,Supplies & Equipment,Janitorial & Cleaning,Cleaning Chemicals
CLEANER OVEN GUARD 32OZ BOTTLE TURBOCHEF,Spray Oven Cleaner.,,,1227937,5bcf3565-6191-4f76-beaf-827409898e23,,,,,,,https://www.don.com/UserFiles/Images/Products/Individuals/1227937.JPG,,www.don.com/product/1227937,,,,Parts Town LLC,Cleaning Products,Oven_Fryer_Grill Cleaners,Oven Cleaners,Liquid,,,Edward don,,,Non-Food,Supplies & Equipment,Janitorial & Cleaning,Cleaning Chemicals
PROTECTOR OVEN SHIELD ACP OVEN 2 SPRAY,Oven Shield.,,,1046519,678631b1-36b8-46bd-b730-93fbfec6c41d,,,,,,,https://www.don.com/UserFiles/Images/Products/Individuals/1046519.JPG,,www.don.com/product/1046519,,,,Acp,Cleaning Products,Oven_Fryer_Grill Cleaners,Oven Cleaners,Liquid,,,Edward don,,,Non-Food,Supplies & Equipment,Janitorial & Cleaning,Cleaning Chemicals
CLEANER OVEN MERRYCHEF,Oven Cleaner.,,,1187066,54818e7f-54ec-490c-abd3-5f6919e58a59,,,,,,,https://www.don.com/UserFiles/Images/Products/Individuals/1187066.JPG,,www.don.com/product/1187066,,,,Merrychef,Cleaning Products,Oven_Fryer_Grill Cleaners,Oven Cleaners,Liquid,,,Edward don,,,Non-Food,Supplies & Equipment,Janitorial & Cleaning,Cleaning Chemicals
